	star
0	ATGGCATTATAGAGTACTTCTAAT
1	CTAATTTTTGATCGATCGAGCCT
2	TCTAATTTTTGATCGATCGAGCCT
3	GTCTAATTTTTGATCGATCGAGCC
4	AATTTTTGATCGATCGAGCCTTGC
5	TCGGATTTCGTCAGTTTGTTGATC
6	TGACAACGAGAGAGAGCACGC
7	TGACAACGAGAGAGAGCACG
8	TTGACAACGAGAGAGAGCACG
9	GTTGACAACGAGAGAGAGCAC
13	AGACAGCTGTCTCTCGCGAGTATC
14	ATTTTGTGCTAAATCTACTCTACT
15	GTGGCAAGTTGTGAGTGGTGGAGA
16	TTCAAATTCCAAGGCCATCATG
17	TCAAATTCCAAGGCCATCATG
18	GTCCTTAAAACGTCACTATAGGCT
19	AAGGCATCGTGTGACTCACTGGTG
20	GAAGGCATCGTGTGACTCACTGGT
21	GTACGCATCGTGTTACGTCTAATG
22	ATTTTTAGCCAACTCTACTCTACT
23	ACAGGTTGAATTTTCTGCAGAATT
24	AGGTCGGGTTAGGGTTGAAGGATC
25	GGGTTAGGGTTGAAGGATCATGAC
26	GGTTAGGGTTGAAGGATCATGAC
27	TGAACCAATAACAACTAACCACCT
28	TTGAACCAATAACAACTAACCACC
29	TTTGAACCAATAACAACTAACCACC
30	TTTGAACCAATAACAACTAACCAC
31	ACCCTATAGTGACGTTTTAAG
32	CATGCCTGTAGTCCTCGGACCAGA
33	CATGCCTGTAGTCCTCGGACCAG
34	TCATGCCTGTAGTCCTCGGACCAG
35	TTCATGCCTGTAGTCCTCGGACCA
36	CTAACTTTTACCTTTATCTACAGT
37	CTTGTCCACCATTCCACTAAAAAA
38	ATATATACTAGTCGCTAACCCGTG
39	ATAGGTGGTTAGTTGTTATTGGTT
40	TTTCATTGAAGTCGAGTTAAA
41	ATCTGCACGACTTTCGATCGGTCG
42	AATTCCTGTTTGATCGATCGAAAA
43	AAGTACTGTTTCTTAGATTCTCCT
44	TCTGGGCTCTCACAAAGTGGG
45	GACACAGCTGTCTCCATCTGGCCT
46	ACACAGCTGTCTCCATCTGGCCT
47	ACACAGCTGTCTCCATCTGGCCTG
48	CGAGAGGCTGCAGATGCATTAGTG
49	TTTTAGTCCTTTCCGTCAGTCAAC
50	TTAGCGCTGCACTCAATCATG
51	TAGCGCTGCACTCAATCATG
52	TTAGCGCTGCACTCAATCATGT
53	GGAATGTTGTCTGGCTCGAG
54	GGAATGTTGTCTGGCTCGAGG
55	GAATGTTGTCTGGCTCGAGG
56	GGAATGTTGTCTGGCTCGAGGC
57	GAATGTTGTCTGGCTCGAGGC
58	GAATGTTGTCTGGCTCGAGGCC
59	AACTATGGAGATCACTGATAAACT
60	ACTATGGAGATCACTGATAAACTT
61	CCAGAGGGGTTAGGTGAATGCATT
63	TTAGATGACCATCAACGAAC
64	TTAGATGACCATCAACGAACA
65	CATTTTTACAACAAATCCTAAGT
66	TGACCATTATGAATTCAGCATTT
67	TGACCATTATGAATTCAGCATTTA
68	TTGTAAGTCCTTTTGTATGAACT
69	CAACAAATTCTAAGTGGTAAGTT
70	CGCTCTTAGGCCGCGTTTGAAAAG
72	CAGTCAATGTATTGTGAAGTTTGA
73	GTTATGAGTTATGGAAACTGAAAA
74	TTGAGTTATGAGTTATGGAAACT
75	ATTGAGTTATGAGTTATGGAAACT
76	TTATGAGTTATGGAAACTGAAAAC
77	GGAATGTCGTCTGGTTCGAG
78	GGAATGTCGTCTGGTTCGAGA
79	GAATGTCGTCTGGTTCGAGA
80	GAATGTCGTCTGGTTCGAGAT
81	GAATGTCGTCTGGTTCGAGATC
82	AGATGATTTGGGTTAGTTAACACT
83	ACTTTCAAAAGTTCTATTTTCGTC
84	TTTCAAAAGTTCTATTTTCGTCCC
85	TTCAAAAGTTCTATTTTCGTCCCT
86	TTTTAGAGGTCGTCACATAAGAGA
87	ATTTTAGAGGTCGTCACATAAGAG
90	ACTTTGTCGAGTAGTGAATGTTCA
91	GAATGGTAGACAAGTGACGTGGTC
92	AGTGGAATGGTAGACAAGTGACGT
93	GAGCTCCTTGAAGTCCAATAG
94	CTTAGGTACAGTACTTAGGTGCTG
95	ATTTTGAGGATATTGAGTTTTACA
97	AGAGTAGAGTTGGCTAAAAATAAG
98	CAATAGGATGTTAGTGGTCTAAGT
99	AATAGGATGTTAGTGGTCTAAGTC
100	GTAGCAATAGGATGTTAGTGGTCT
101	ATAGGATGTTAGTGGTCTAAGTCT
104	TTCGAGCTGGTGGTACCCATGGGC
105	TGGACTGAGGACAACACCAAGTGG
106	CTAATTTTCGATCGATCGAGCCTT
107	CTAATTTTCGATCGATCGAGCCT
108	TCTAATTTTCGATCGATCGAGCCT
109	GTCTAATTTTCGATCGATCGAGCC
110	AGTCTAATTTTCGATCGATCGAGCC
116	ATTGCTTCTGCCATCTGAAAT
117	AATTGCTTCTGCCATCTGAAAT
118	AATTGCTTCTGCCATCTGAAA
119	AATTGCTTCTGCCATCTGAA
120	TCTTTCCTAATCCTCCCATTC
121	TCTTTCCTAATCCTCCCATTCC
122	CAAGGAGAGTCCTATAAGGAAAAG
123	TTTATTAACAACTGCAAGGAGCCT
124	ATTTAAGATTCCTGGGAATAAACC
126	CCATTTCGGTCGGTTTCGGTTGAG
127	CAGGGCAAGTTGGCGACTTGAACT
128	TTTGAAAAACGCGGCTATAGACCC
129	CCAGGTGTAACTTGAACCCATCT
130	AGAGCTCTCTTCAGTCCACT
131	GAGCTCTCTTCAGTCCACT
132	AGAGCTCTCTTCAGTCCACTC
133	CGGTTCAATAAAGCTGTGGGA
134	GTTCAATAAAGCTGTGGGAA
135	GTTCAATAAAGCTGTGGGAAG
136	TTCAATAAAGCTGTGGGAAG
137	TCTTTCGATATCCTTCCGTTTC
141	GAGGCTTTCTTTCCTATGTGGGAC
142	GGGGTAAACTGAGATCACGT
145	AGTAACGGTTGAAGAAGTGACGAC
146	TCCAAAGGGATCGCATTGATCC
149	TTTGAGTTATGAGTTATGGAAACT
151	AGTTTGTGCGTGAATCCGACC
152	AGTCCCACATCGAAGGAAAACCCC
153	GAGTCCCACATCGAAGGAAAACCC
154	GGAGTCCCACATCGAAGGAAAACC
156	CAAACGGGTCACGGGTCAAAAACG
157	CATGCCTGTAGTCCTCGGATCAGA
161	AACTCGATTTTGTGAAACTCAAGT
162	TGCATGGTCCTCGGACTCAAACCT
163	GGTATTGCATGGTCCTCGGACTCA
164	GGTATTGCATGGTCCTCGGACTC
165	GTCCGCATCGCAACGTGTCCAATG
166	TCATCCTCGGACCCATCGTGCGTC
167	AAGTTCTATTTTCGTCCCTAA
168	AGTTCTATTTTCGTCCCTAAA
169	AAAAGTTCTATTTTCGTCCCT
170	TTCTATTTTCGTCCCTAAACT
171	CAAAAGTTCTATTTTCGTCCC
172	CTATTTTCGTCCCTAAACT
173	GGAGGGGGAGTAGAGTACATAAAC
174	CTTATTCATTTGTTCGATTGTACT
175	GGAGGCAGCGGTTCATCGATC
176	AATTGGTGTCTTGGTCTGATGATA
177	GCTGATGTGAGAGGGACGAAAATC
178	GTCTAATTTTCGATCGATCGAGCT
179	CTAGTTAATAATCCATTTAAAGAA
180	GATACTCGCGAGACACAGCTGTCT
181	GAGATACTCGCGAGACACAGCTGT
182	GAGATACTCGCGAGACACAGCTG
183	GACACAGCTGTCTCCACCTGGCCT
184	TTAGCGCTATCCATCCTGAGT
185	TATAACTGATTATCTAATTGGGCT
187	CGATGTTGGTGAGGTTCAATC
190	ACCCTAACCCGACCTGTTAATAAG
191	ATCTTAGACAAAAGTTGTTGAT
192	TCTTAGACAAAAGTTGTTGATT
196	TGAGCCCAATGAACCCAGAACAAT
197	ATTATGAGCCCAATGAACCCAGAA
201	CAGAAGCTCTTATCGAATGGA
202	AGGGTCAGTTTTGCATTTTTGCCT
203	GCTTGAGATGGGACCAAAGGGACC
204	CTTGAGATGGGACCAAAGGGACC
205	GGCTTGAGATGGGACCAAAGGGAC
206	CTAACCCAAATCATCTGGTCCGAG
207	AGGATTAGTGCACTGGCAGGCGCA
208	AGTGCACTGGCAGGCGCAACGGGC
209	TCTTTAATTGGATTGTTAACCAAT
210	GAGAATCTTGATGATGCTGCAT
211	AGAATCTTGATGATGCTGCAT
212	ATTTTCTAAAACTCGAGATGCCT
213	GATTTTCTAAAACTCGAGATGCCT
214	TCGATGTGGGACTCCTAGGACACC
215	TTCGATGTGGGACTCCTAGGACACC
216	TTCGATGTGGGACTCCTAGGACAC
217	ATGTGGGACTCCTAGGACACCGTC
221	GAATGTTGTCTGGCTCGAGGA
222	GAATGTTGTCTGGCTCGAGGAC
223	AACGTTTCGTACCGGTTTAAATAC
225	ACAGGGTGTTCTGGCGACTTGACC
227	GAGTTGGTCAGCTGTGAGTGA
228	TTCGTGGATCGGCGAGCTCGAGGA
229	AAGAGAGCGTCAGTAGTCCGAAGA
230	TCCGAAGAGAGCGTCAGTAGTCCG
231	GAGAGCGTCAGTAGTCCGAAGAGT
232	GGCCTGGCTCGATCGATCGAAGAA
233	GGCCTGGCTCGATCGATCGAAGA
234	TTGGCCTGGCTCGATCGATCGAAG
235	TTTGGCCTGGCTCGATCGATCGAA
236	CATGCTTGGCAACGTCCTCGGACG
237	GCATGCTTGGCAACGTCCTCGGAC
238	AGCCTATAGTGACGTTTTAAGGAC
239	GCCTAGGACGTTGCCTTGCATGCC
240	CCTAGGACGTTGCCTTGCATGCCT
241	TGGCAGTGCTCCCAGGAAGG
242	TGGCAGTGCTCCCAGGAAGGT
249	AGGGAGGGAGAGTAATGCAATTAC
250	ACGACTTAAATACGCGACGGGG
251	GACGACTTAAATACGCGACGGGG
252	CGACTTAAATACGCGACGGGG
253	ACGACTTAAATACGCGACGGG
254	ACGACTTAAATACGCGACGGGGT
255	GACGACTTAAATACGCGACGGG
256	CGACTTAAATACGCGACGGGGT
257	AGACGACTTAAATACGCGACGGG
258	GACTTAAATACGCGACGGGGT
259	GACGACTTAAATACGCGACGG
260	CGACTTAAATACGCGACGGGGTA
261	AGACGACTTAAATACGCGACGG
262	GACTTAAATACGCGACGGGGTA
263	CAGACGACTTAAATACGCGACGG
264	ACTTAAATACGCGACGGGGTA
265	AGACGACTTAAATACGCGACG
266	GACTTAAATACGCGACGGGGTAT
267	CAGACGACTTAAATACGCGACG
268	ACTTAAATACGCGACGGGGTAT
269	GCAGACGACTTAAATACGCGACG
270	CTTAAATACGCGACGGGGTAT
271	CAGACGACTTAAATACGCGAC
272	ACTTAAATACGCGACGGGGTATT
274	GTTGGAATCGAGAGGCTGCAGATG
275	AGTTGGAATCGAGAGGCTGCAGAT
276	TTGGAATCGAGAGGCTGCAGATGC
277	AAGTTGGAATCGAGAGGCTGCAGA
278	AAAGTTGGAATCGAGAGGCTGCAG
279	AATAGATCATGTGGCAGTTTC
280	AATAGATCATGTGGCAGTTTCA
281	ATAGATCATGTGGCAGTTTCA
282	AATAGATCATGTGGCAGTTTCAC
283	AAGAATAGATCATGTGGCAGT
284	ATAGATCATGTGGCAGTTTCACC
285	AGATCATGTGGCAGTTTCACC
290	CCTTGAAGTTTAAAGCGATCG
291	CCTTGAAGTTTAAAGCGATCGC
292	AGGTTGAATTTCTGCAGAATTTCC
293	TTGGGCTGAGTTGGAAAATTCTGC
297	CGAGATACTCGCGAGACACAGCTG
298	AGATGGAGCTACTGTGATGAG
299	GATGGAGCTACTGTGATGAGA
301	ACCCAAATCATCTGGTCCGAGGAC
303	CGTTTTTAAGGAGCCTATAGTGAC
306	CCTTAGACAAAAGTTGTTGAT
307	AGTCCTCGGACCAGATGATTTGGG
308	CGATTAACCCAACTATATAGG
309	TTTTAGAATTTGGATTTTACCCTC
310	GAGAGTGGGTCAAAGAGCTAGGCT
311	AGAGAGTGGGTCAAAGAGCTAGGC
312	ATCCAACGGTTAGATTTTCAAAAT
314	TAGTGACGAAATTGGACTTTTAGT
315	AGTGACGAAATTGGACTTTTAGTG
319	TCTGGTCCGAGGACTATAGGCATG
320	CGAGTCCAAATCTTCTGTTTCACT
321	CTATAATGACGTTTTAAGGACCT
323	TATATGGTTGGGTTTATCGAC
324	TTTTGGATCATTCATATTTTTGAA
326	TGCAGTCCAGATAATGCTGGC
327	ACAAAAGTTCGTTTTTCGTCCCT
328	AGCCACATGGTTGAATCTTAAGAG
332	CAAGATTTGTAGCCCAAGCCCAAA
333	AACAGAATGTCTTGCGGGTGTCTC
340	CTTGATATTGAGCTCGAGCTTGGC
341	CATGCCTAGGACGTTGCAAAGCAT
343	AGGCGGCTGTGTCCCTTGCATCCA
347	CAAGTACATGGGGTAGACTAGGCT
348	AATTTGTAGAGAATGAGTTTAAGA
349	CAATGAATTTGTAGAGAATGAGT
351	GAGTAGTGGGGAGGAGAGTAGAGG
354	AAGTGAATCTGTGTTGATCGGAGC
362	CATGTCTGTAGTCCTCGGACCAGA
388	CAAGTCTAAGGCGAGCTGTCACCT
389	GCTCTCTATGCTTCTGTCATC
390	CATGCCTGTAGTCCTCGAACCAGA
392	GCCTATAGTGACGTTTTAAGGACT
397	ATTTTTGATCGATCGAGCCTTGCA
403	AGCTTTTAACCGGACCGGATTGGC
404	ATCAGAGTCTTGGCCTTTATT
407	TCCTCGGACCAGATGATTTGGGTT
408	GGTGCATTTCGGCCTAGCTCGATC
411	CAAATTCCAAGGCCATCATG
412	GTGGTCCGAGGACCTGACATGACT
414	CAAGCTCTGGGCGAACCGTCACCT
415	TCTGGGCGAACCGTCACCTTGGCA
416	GCAAGCTCTGGGCGAACCGTCACC
417	ATCATTTCTTCGGACTCTATGAGT
419	TCGGGTTAGGGTTGAAGGATCATG
421	CAGGTCGGGTTAGGGTTGAAGGAT
424	AAAACTTGTGTTACAATGAACCCT
425	TTCCAAGACTTGTGAGGTTTGAAT
426	TTGGATTCTCAATTTTGCGCCACT
428	CCATTTTAGTCCTTTCCGTCAGTC
430	CTTCGATCGATCGAGCCAGGCCGA
431	CTTCGATCGATCGAGCCAGGCCG
432	TCTTCGATCGATCGAGCCAGGCCG
433	TTCTTCGATCGATCGAGCCAGGCC
435	CCGTGAATGTGAAAAGAATGAGCA
437	GGCAATACCGGCCGGTACCGGGCG
438	GGGCAATACCGGCCGGTACCGGGC
439	GACAGACTTGATGACTTCAACACT
440	TTGGACAGACTTGATGACTTCAAC
441	CTTGGACAGACTTGATGACTTCAA
442	AACGGCCTGGCCAGCCTGGGACTT
443	TAACGGCCTGGCCAGCCTGGGACT
445	TGAGCCAAGGATGACTTGCCC
446	GGTTGCTTTGATATATCAGGAGTG
448	ATTTCATTAGCGCTGCACTC
450	AGGACCTATAGTGACGTTTTGTAA
451	AAGGACCTATAGTGACGTTTTGTAA
458	AATCTGTTTTTCGATCGATCGAAA
459	ATTAGGCTTGGAGGGTCTCTTGCT
460	GATTAGGCTTGGAGGGTCTCTTGCT
461	TAGTTTGTGGCTTGAGATGGGACC
462	TTAGTTTGTGGCTTGAGATGGGACC
463	TTAGTTTGTGGCTTGAGATGGGAC
464	TTTAGTTTGTGGCTTGAGATGGGA
465	ATGCGGCGATTTCAACTTTTGACT
466	AGTTCTTGGAGGCTTTAGAGC
467	GTTCTTGGAGGCTTTAGAGCT
468	GTTTTTAAGTCTCGATTTGTAAGT
471	TTAGATGACCATCAACGAACAC
472	TTTGGAAACGCACTTGAATC
473	TTTGGAAACGCACTTGAATCG
474	TTGGAAACGCACTTGAATCG
475	TTTGGAAACGCACTTGAATCGG
476	TTGGAAACGCACTTGAATCGG
478	AGGGTTTGACTTACTTCTAGTACT
479	ACTATAGGTCCTTAAAACGTCACT
482	GATGACCCTGTCCTCGGAGGACCG
483	TTTTTTCCACGTGACGTCCACCTG
484	GACACAACTGTCTCCATCTGGCCT
485	GGGACTCCTAGGACACCGTCCGAG
486	GGACTCCTAGGACACCGTCCGAGG
487	GTGGGACTCCTAGGACACCGTCCG
488	GGGAATGTCGTCTGGTTCGA
495	TGCATGGTCCTCGGACCCAAACCT
498	TATTTTAGAGGTCGTCACATAAGA
499	ACCTAATTTCACAACTTATTGAC
500	GAGAAGATGAACAGTCGCGCTAGC
501	TGGTTCAACTGTTAATCTACTGGT
503	CGTGGACTTGTTGAGGTGACTAAG
504	TTTTCTTGGACAGACTTGATGACT
505	TTCTTGGACAGACTTGATGACTTC
506	GCATGGTCCTCGGACCCAAGCCT
507	TGCATGGTCCTCGGACCCAAGCCT
508	TTGGGTCTATAGGTCGTGTCAGATT
512	ACAAATCACAGGTGGTTAGTTGTT
513	GTTCCCTCGATCACTTCACT
514	GTTCCCTCGATCACTTCACTG
515	GTTCCCTTGAGCACTTCACC
516	GGAATGCTGTCTGGTTCGAGA
517	TGATTGAGCCGTGCCAATATC
518	TTGAGCCGTGCCAATATCACA
519	CTTAAGAGATCTGAGGCCGACCT
522	CGGCCTGGCTCGATCGATCGAAG
523	TCGGCCTGGCTCGATCGATCGAAG
525	AAGGACCTATAGTGACATTTTCAG
526	AGGACCTATAGTGACATTTTCAGG
527	TCATTCCACTAAAAAACTTCCACT
528	GAGAGAGAGAGAGATAACGAGACT
529	TAGCAAGTCGTAAGTGGTAGA
530	GGTGCATTTCGGCCTGGCTCGATC
531	ATGGGTTGGGTTCAAGTTACACCT
534	GTCCGAAGAGAGCGTCAGTAGTCCG
535	AAGGAAATTGCAACTGAATGCA
544	AGCCAGCAGCCGCCGTGTGATGCG
545	AGGAGAGAGATTGAATTTCGGCAA
546	GGAGAGAGATTGAATTTCGGCAAC
547	TGAGGAGAGAGATTGAATTTCGGC
548	CTAAAACTCGAGTTCCAAGATAAA
549	CATGATCCTTCAACCCTAACCCGA
550	TCTTTCCTAATCCTCCCATT
553	CTTTCCTAATCCTCCCATTCC
554	TTTCCTAATCCTCCCATTCC
555	CTTTCCTAATCCTCCCATTCCA
556	TCTCGCGATTGGACCTTCCACCCG
558	TCCTTAAAACGTCACTATAGGCT
559	CCTTAAAACGTCACTATAGGCTCC
561	TTATTAACAACTGCAAGGAGCCT
562	TTTCCAATAAGGCTTGTAACAGT
563	AATAACAACTAACCACCTGTGATT
564	AACCAATAACAACTAACCACCTGT
566	TTTCAGTTTCCATAACTCATAACT
568	TTTTTAAGGACCTATAGTGACATT
574	AAGTCCTTTTGTATGAATTTCGAT
576	ATTTTAGGCAAATTCTACTCTACT
577	ATCCATTTAAAGAAAGTTTTTATG
580	AGTTTGTGCGTGAATCCGAC
581	AGCTGTCTCCATCCTGTCCTGACT
585	CTTAGGGCACTGGTTAATAATCCA
586	ACCTATGATTTGTTGTAAAAATGT
587	ACCTATGATTTGTTGTAAAAATG
588	CACCTATGATTTGTTGTAAAAATG
592	ATGTGAGAAGCACATGACTGGAAG
593	TTCATGGAGATCGAGTTACAAAAC
594	ATTGTAAGGGTAGTGTGTGAGAAG
595	ACAAAGGATTTCTAACAAGCT
597	CTAATTTTGGGCCAAATTTACTCT
598	AGCCACATGATTGAATCTTAAGAG
600	TTCTTTAATTGGATTGTTAACCAAT
603	AGTCTAATTTTCGATCGATCGAGCT
606	CAACAAATCATAAGTGACAGGTT
607	TGCATGGTCCTCGGACTCAGGCCT
608	ACTGCATGGTCCTCGGACTCAGGC
616	ACACAGCTGTCTCCACCTGGCCTG
618	CTTGACCTCGCGGCTTGTCCAAGT
619	TTGACCTCGCGGCTTGTCCAAGTC
620	AGGTGGCTTAGCAGGTCAGAGAAG
621	TGGCTTAGCAGGTCAGAGAAGACA
625	TTGTTATTGTTGGGGCAAAAAAGT
626	TGTTATTGTTGGGGCAAAAAAGT
635	ACTGATTGATGTCTTGGTTTGATG
636	AGTCCTCGGACCAGATGATTCGGG
638	AGTCCTCGGACCAGATGATATGAG
642	AAGCGTGCGAGAAGATGAACAGTC
643	GAAGCGTGCGAGAAGATGAACAGT
648	TGGCCTGGCTCGATCGATCGAAGA
651	GGCTTTAGGCGAGATCGGCTTCAG
653	AAATTTGTATATTGGGCCTTGGGC
654	AGTCAATATCGTTCCGGATGGTGT
657	AAATCTACTCTACTTTACTCTACT
659	ATTTAAGATTTCTAGGAATGAACC
662	TTGAACTAATAACAACTAACCACC
668	AACGCCACTATAGATCCTTAAAAC
677	AGTAGTCTTGTCATATCTTGGTCT
678	GAGTAGTCTTGTCATATCTTGGTC
681	CTTGGGCTGAGTTGGAAAATTCT
683	CACTTGTTTAAAATTGTTAGTTAG
684	ATCGTATGTAGGATCGTGTAAGAT
686	AGTCCTCGGACCAGATGATATGGG
687	TTGGCCTCGCGGCTTGTCCAAGTC
688	CTAATTTTGGGCCAAATCTACTCT
691	AATTTCGTCACTAAAGGTCCTTAG
693	AGGAGTCCCACATCGAAGGAAAAC
694	TAGGAGTCCCACATCGAAGGAAAA
696	CTAGGAGTCCCACATCGAAGGAAA
703	TATTGTATCCGAGGCATTTAG
704	CGAACCGACCGAACCGAACCGAAA
705	GCAATTCTGACTGACTCGATCGAT
707	TGACTGAATCTTAAGAGGAGAACT
710	AGGTGATATGAGAATACGAAGAGA
711	TTTGGATCATTCATATTTTTGAAA
715	GCGAGATACTCGCGAGATACAGC
716	ACTAGGAGAGGGAGAGTGAGTCTC
720	ACCCTATAGTGACGTTTTGTAACT
721	ACCCTGGACCAGTTGACTTTGACT
722	GGAGCATCATCAAGATTC
724	GATTAGGGTGCTGGCCGGCGCACC
725	CCTAGGACGTTGCAAAGCATGCC
728	ATCGGAGTATAACTACAAAATGGT
730	TTCAGAGGAGTCGATTTTACTGTT
732	TAAGGTTACAGAATGACAAAC
733	CGAGGACTACAGGCATGATTGGAT
734	CTTCCCTACTCCGCCCATGCC
735	TCTTCCCTACTCCGCCCATGCC
736	CTTCCCTACTCCGCCCATGCCA
737	TCCCTACTCCGCCCATGCCA
738	TCCCTACTCCGCCCATGCCAT
739	TCCCTACTCCGCCCATGCCATA
740	CCCTACTCCGCCCATGCCATA
741	CCTACTCCGCCCATGCCATA
744	TCTGAGCCAAGGATTACAAGCAAG
752	ACAGGTGGTTAGTTGTTATTGGTT
753	TTTCGATCGATCGAAAAAGTGCCT
754	TTTTCGATCGATCGAAAAAGTGCC
756	CTGCTCCGGGCTCTCACAAAG
757	GGAACTGACATGACGTGGATATGT
759	TTGGCCTTGGCTGCTGCATGCCAA
761	TACGGCCCACCATTGCTCTGCGAT
785	GTCCTAGGCATGCTTGGCAACGTC
786	ATGGGAAATGTTAACGAGTGCCGT
791	AGTCTAATTTTTGATCGATCGAGC
793	AGCAAATCAGAGTCTTGGCCT
796	GTTAGTTTTGAAAAGTCTTGAACC
801	TGTCCAAGTCGCGAGTTCAAGTCG
802	CCATTTTGGTCGGTTTCGGTTGAG
803	AACAAATTATAGGTGGTTAGTTGT
805	ATTTTCGGATTGTCATAGTTTACT
806	CACTGGTTAATAATCTATTTAAAG
808	ATAATAAATCTCACGACTTCTATT
816	AGGTTGCTTTGATATATCAGGAGT
825	GTTTTCCTTCGATGTGGGACTCCT
826	CTCACATGAATGGTAGATCCCACT
831	ATTCCGGAAGTATACTCTCCCCTC
837	TGTGACCATTATGAATTCAGCATT
840	TTATTATTGTTGGGGCAAAAAAGT
841	ACTGGTTATTATTGTTGGGGCAAA
842	TCATTAAATTCAGGCGGCTCTGTG
843	ATTAAATTCAGGCGGCTCTGTGCT
844	TAAATTCAGGCGGCTCTGTGCTCC
852	TTTAGAGGTCGTCACATAAGAGAA
855	ATTTTAGAGGTCGTCACATAAGA
856	ATCAGGAGCGAACGCCATAAGTT
857	ATGAGCAAGTGGATGAAGAGTACC
858	AATAACAACTAACCACCTGTAATT
861	ATGCCTAGGACGTTGCGAAGCCGT
862	AGGACCCACCATTTATGTGAGAGG
863	GTAGGACCCACCATTTATGTGAGA
867	AATGGTAGACAAGTGACGTGGTCT
870	ATAAGTGGTTAGTTGTTATTGGTT
871	CAGGGCTGATTGGCGGCTTGACCT
872	ACAGGGCTGATTGGCGGCTTGACC
874	AATGCTAACGAGTGCCCTTAGGAC
878	ACGCATTTATGGTATTCCGGGAGT
880	AGTGGCAGGTTGTTACTGGTTGTT
881	GAGTGGATTGAAGGTTTAGGCGCT
882	CAATTCAAGGAGGAACTGTCACCT
883	AATTCAAGGAGGAACTGTCACCT
884	AATTCAAGGAGGAACTGTCACCTC
890	TGGACTTGCGTATCTTTCTCA
891	AACGTGAGAGCAGCAGCATTAAAC
893	TTAGTGTTAGTTTCAAATTTGAAC
897	AGCTCTCTTCAGTCCACTC
900	GGTTCAATAAAGCTGTGGGAAG
904	AACGTCACTATAGGTCCTTAAAAC
905	AAAACGTCACTATAGGTCCTTAAA
908	AATTTTGTGCTAAATCTACTCTACT
909	CATAAAAACTTTCTTTAAATGGAT
910	CCACTTAGAATTTGTTGTAAAAAT
912	GAGGCTGGAGGATAAGGCTATGGC
915	TTGATTTTAGCAAACTCGACT
917	TAACAAATCGAGTCCAGAGGACT
919	ACAACTAACCACCTGTGATTTGT
920	AACAACTAACCACCTGTGATTTGT
923	ACAGAATGTCTCGCAGGTGTCTCG
926	GAGGGGGAGTAGAGTACATAAAC
933	CAAAAGGGGATCTGCAGATACAAC
936	CGAAGATCCGTACATCCTAGGTAC
937	TTGGTGTCTTGGTCTGATGATAAA
938	GATTGGTGTCTTGGTCTGATGATA
939	CTATAGTGACATTTTAAGGACCT
941	ACTGGTTGTTATTGTTGGGACAAA
942	AAGTGTGTGGTACTAGAATTATTC
946	GTTTGTGTTTTGTCACGGATTGCC
950	ACTGGTTGTTATTGTTGGGGCAAA
951	ACGCATATTGCTACAACTTACTTG
952	ATAGGCATTCACTCTGACAGGTAG
953	GTGGTACTCGAGCTTGGTAAACTC
954	AGTGGTACTCGAGCTTGGTAAACT
955	AAGTGGTACTCGAGCTTGGTAAAC
962	GGAATGTTGTCTGGCTCGAGGA
965	AACTGATTGGTGTCTTGGTTTGAT
968	AGGTTGTTACTGGTTGTTATTGTT
969	GGGTTGTCCGGGTTGTCGGGCTCC
970	GCTCTAATTACGTGCTTCGGGACT
998	ATGGGCCTTGGGCCTGCTACCCGA
999	ACAATAAATTTGTAGAGAGTGAGT
1000	CAATAAATTTGTAGAGAGTGAGT
1001	CAATAAATTTGTAGAGAGTGAGTT
1007	TAGATCATGTGGCAGTTTCACC
1009	ACTGGTTGTTATTGTTAGGGCAAA
1011	AAATAGTGTTTGAGCTTGAGCTT
1012	AAAAATAGTGTTTGAGCTTGAGCT
1021	GACGTTGCCAAGCATGCCTAGGAC
1023	AGGAGCTTCCTTCAGCCCACT
1025	ACCGACCGAACCGAACCGAAATAT
1029	CGAGATACTCGCGAGAGACAGCTG
1033	AGTAAGTAGTAGTGGAGAGTA
1034	GAGCTTCCTTCAGTCCACTC
1037	ACCTGCCACTTAGAATTTGTTGTA
1038	AACCTGCCACTTAGAATTTGTTGT
1040	ACTGGAGCGGGCCACATGAGTTTG
1041	GAAATATCTAAAGGAAAAGCTGCT
1045	CACTTCTTCACTTGATTCTTGGAC
1046	CTTCTTCACTTGATTCTTGGACAG
1049	CAAAAGGGGATCTGCAGATACAACT
1050	AAAAGGGGATCTGCAGATACAACT
1051	GGCATGCTTGGCAACGTCCTCGGA
1057	AGTGAATCTGTGTTGATCGGAGCT
1065	CTAATTTTTGATCGATTGAGCCT
1090	CTTCCGCAAATCTTCCATTTCT
1091	ATGCTGAAAGATGTGCCTGACT
1095	GAATGAGGATTGGGCCCAATGACC
1099	CTAATTTTCGATCGATCAAGCCT
1100	TCTAATTTTCGATCGATCAAGCCT
1101	GTCTAATTTTCGATCGATCAAGCC
1104	AAAACGTCACTATAGGTCCTGAAA
1108	AACAACTAACCACTTGTGATTTGT
1111	CTCCACCTGGCCTGACTCTTCGCA
1113	ATTTGAGAGCGTACTGTAGCATGT
1114	TATTTGAGAGCGTACTGTAGCATG
1115	TTTGAGAGCGTACTGTAGCATGTC
1124	GTAAGGGTTCAACTGTAGGTTGGT
1125	AGTCTAGAAGGTTGGAGAATGGCA
1129	AATTTTGGGCCAATTCTACTCTAC
1152	TACAACAAATCTTAAGTGGCAGGT
1153	AGTTAGGGCTGAGTTGGAAAAACT
1155	TAGACTTTTTAGACTCACCCTACC
1156	CGAGCCCAATGAACCCAAGACAAT
1157	GTCTTGATTTGATGATAAAGAGCT
1158	TTGTTTGGGCTTGTTGGGCTGAAA
1159	ATTGTTTGGGCTTGTTGGGCTGAA
1160	GTTTGGGCTTGTTGGGCTGAAAAC
1161	TTTGGGCTTGTTGGGCTGAAAACC
1163	AGTGGCAGGTTGTTATTGGTTGTT
1165	CATTTCGGCCTGGCTCGATCGATC
1168	ATTCTACTGAGAGACTCTTACTTG
1176	ATGTTGCCAAGCATGCCTGAGGAC
1177	AAGGACTTGGCGGCGGCGATCGAG
1184	ATAGGGCTGGGTTCAAGTTACACC
1205	CGTGGCACTGACCTGAAATTTAAG
1207	CTCTCAAAATTCTCTCTGGAAGCT
1208	TGTAGGGACCCAGTTTGGATTGAC
1211	GTACAGGCTGGCAGAACAGATTGC
1215	GTGGAGAAGACCCTTGAACAGTGT
1216	TGTGGAGAAGACCCTTGAACAGTG
1217	ATGTGGAGAAGACCCTTGAACAGT
1219	AATCTTAGACAAAAGTTGTTGA
1234	TGTTACTGGTTATTATTGTTGGGGC
1240	CTGCCACTTAGGATTTGTTGTAAA
1241	CACTTAGGATTTGTTGTAAAATT
1245	GTGTGTTGTCCGTGTGTTTGCATC
1263	TATCACAAAAGTTCGTTTTTCGTC
1264	CTATCACAAAAGTTCGTTTTTCGT
1265	ATCACAAAAGTTCGTTTTTCGTCC
1266	TCACAAAAGTTCGTTTTTCGTCCC
1269	TAATCTGGTTGGTTTAAGGGGTCT
1274	AACCTGTCACTTAGAATTTGTTGT
1277	AGAGTAGAGTAAAGTAGATTTAGC
1280	AAATGGGTTGGGTGTGTAATTACC
1281	CGGAGGGACGAAAATCAATACGTT
1284	ACTGATTGGTGTCTTGGTTTGATG
1286	CGGATTTACTCCTTTGACCCGGAA
1297	TTGGTTGACCGAGGACAGGATTGT
1299	AGGACAAAACTTAGGTACAGTACC
1335	AGTTTGTCAAATTCGAGTTCAAAG
1340	AACAAACTTGACGAATCTTTGCCT
1342	CGATTTTGTGAAACTTGAGTACTA
1346	GGAGTCGATTTTACTGTTCATATC
1347	GTGCTCTTTCTCGTTGTCATG
1348	GAGAAATGCTAACGAGTGCCCTT
1349	CTTTACTTGTAATTGGGTAGATCT
1351	TCTCCAAACAAAGGTGTAGGTCCT
1352	GATGGATAGTAGTTAGGATTGAAT
1353	GATGGATAGTAGTTAGGATTGAATT
1355	GCAGCTCTGACTTGGTTATCAGGT
1358	AAGGGAAATGTTAACGAGTGTCGT
1359	GACAATCATACTGTAGCTAGTCCT
1361	TGTGGTCCGAGGACCTGACATGAC
1362	ATGACCAAAATACCCTCGAAACCT
1363	ATTGGGTAGATCTAAGATGAGTTT
1364	CGAGGACTTCAGACATGATTGGA
1365	ATCTTGTCATCGTCAGTAACTTAC
1366	GGGATCTTGTCATCGTCAGTAACT
1367	TGGGCAATTAGTCCTTTGGCAGT
1368	TCGATTTTACTGTTCATATCGCCT
1371	TTTCTTGGACAGACTTGATGACT
1372	TTTTTCTTGGACAGACTTGATGAC
1374	TCTTGGACAGACTTGATGACTTCA
1375	ATAGTAGGATACTCTTAATAAAAG
1376	TCAGAGACCTAGGATTTTTGGATC
1377	TACCTCTCACATAATGGCGGGTCC
1379	CACAGGTTGAATTTTCTGCAGAAT
1380	GTCCTGAAAACGTCACTATAGGCT
1381	GAGATGATTCAAGTTGGGCTGGAA
1382	AACCCCGTCCGTTGGATCAATAGC
1383	ACCCCGTCCGTTGGATCAATAGCC
1384	AACCTTTGTAGTTGTAGACTGGGG
1385	ACTTCTTGGGTCTTGAAATCACTC
1386	CATTTCGGCCTGGCTCAATCGATC
1387	GTCCTCGGACCAGATGATTTGGGT
1390	AGGTGGGCAGACTGCCAAGTG
1392	GCTCGAACGTATCGATTGACGATG
1393	CCAGATGATTTGGGTTAGTTAACA
1394	TTTGTAGGGTTTCTCTCCAAACT
1395	ATCTTGTTTTTCTCTAGGGTTTCT
1396	GTCAATCTTGTTTTTCTCTAGGGT
1397	TAAATCCATTCATGCCTGTAGTC
1398	TAAATCCATTCATGCCTGTAGTCC
1399	TAAATCCATTCATGCCTGTAGTCCT
1400	CTTGGCCTGAAGAAAATTGATTCT
1402	ATTGGTGCATTTCGGCCTGGCTCG
1403	GGACAGACTTGATGACTTCAACAC
1404	GGACAGACTTGATGACTTCAACACT
1406	ACAGACTTGATGACTTCAACACT
1408	ACAGACTTGATGACTTCAACACTT
1409	CTTGGACAGACTTGATGACTTCAAC
1411	TTTGAGCCAAGGATGACTTGC
1412	AATTTGAGCCAAGGATGACTT
1417	AACAACTAACCACCTATGATTTGT
1418	AACTAACCACCTATGATTTGTTGT
1419	GTTGCTTTGATATATCAGGAGTGA
1422	TAGGTTGCTTTGATATATCAGGAG
1423	AATAAGAAGTCGAGCGTGGGGGCT
1424	CAATAAGAAGTCGAGCGTGGGGGC
1430	CTAATTTTGGGCCAACTCTACTCT
1431	CTATTTGTGGCCGAGGAGTAAGAC
1433	GCGAGATACTCGCGAGACACAGCT
1435	AGATACTCGCGAGACACAGCTGTC
1439	GATTAGGCTTGGAGGGTCTCTTGC
1440	ATCGTGTAGCAGGCCCAAGGCCCA
1441	CATCGTGTAGCAGGCCCAAGGCCC
1442	CCATCGTGTAGCAGGCCCAAGGCC
1443	TCGGACCAGATGATTTGGGTTAGT
1445	ACTAACCCAAATCATCTGGTCCGA
1446	AACTAACCCAAATCATCTGGTCCG
1448	TAACTAACCCAAATCATCTGGTC
1449	TTTTAAGGAGCCTATAGTGACATT
1450	ACAGGTTGATTATTCTGCAGAATT
1452	TTAATGCTAACAAGATTCAAGACT
1453	AATGCTAACAAGATTCAAGACTTT
1456	AGTTTCCACTGGACACGTTGGATG
1461	TCTCATGTGTGTTTGGTTGGAGGG
1463	AGCTGCGGAGCGGAGCTTTGGATC
1464	TCACTTGATTCTTGGACAGACTTG
1465	TCTTAGGCCGCGTTTGAAAAGTGC
1466	ATTTTCGATCGATCGAGCCTTGTA
1467	ACCCATATCATCTGGTCCGAGGAC
1468	TTCAAATTTGAACCAATAACAACT
1469	AATTTGAACCAATAACAACTAACT
1470	TTTCAAATTTGAACCAATAACAACT
1471	CTGGTCCGAGGACTACAGGCATGA
1472	CTGGTCCGAGGACTACAGGCATG
1473	TCTGGTCCGAGGACTACAGGCATG
1474	ATCTGGTCCGAGGACTACAGGCAT
1475	TCCGAGGACTACAGGCATGAATGG
1476	CCGAGGACTACAGGCATGAATGG
1477	AGTTGTAGTTTTTTCGGTGTCACT
1478	CTTGGAAATCGAGTCTCTAAGACT
1481	AGAGAGAGAGAGAGAGAGAGATT
1482	GAGAGAGAGAGAGAGAGAGAGATT
1483	AGAGAGAGAGAGAGAGAGAGAGAT
1484	CCTTAGAACACTGGTTAATAATCC
1485	ATGGCTTGGGCTTGCACTTGGAAG
1486	AATGGCTTGGGCTTGCACTTGGAA
1487	ATCTGGTCCGAGGACTTTAGGCAT
1490	CTTCAACACTTGATCTTGAAACCT
1491	GACTTCAACACTTGATCTTGAAAC
1494	AACACTACTTTACTCCCCTCCACT
1495	CTTTGATATATCAGGAGTGAGATC
1496	TTTGATATATCAGGAGTGAGATCT
1497	TCAGGATTGGCTGGCGTAAAACAC
1498	TTAGGTGCTGTTCCTTAGATTCCT
1499	TACTATCACAAATTGAGTCCGACT
1500	ATCACAAATTGAGTCCGACTATAT
1501	AAAGGGATTCAAACTTTGCAAGTC
1502	AAGGGATTCAAACTTTGCAAGTC
1504	ATTCCTCGGCCGTCCCTCTGGAGA
1505	GGTTGTGATTCGTTGTTGTTGATC
1507	CCAGATGATATGGGTTAGTTAGCA
1508	CAATACCGGTGTACCGTTTCGGGT
1511	AAATACAAGAAACTTACATGATTG
1514	TCCTCGGACCAGATGATTTTGGGT
1515	AGGACAAAGGGAAGCTAAGAAAT
1521	CCTCGGACCCAAGCCTATGGTAAA
1522	CTATTTAAACGTCTTGGGGTTCAA
1523	AGTTCCTCATACTCTCATCTCGGA
1526	ACCACTACGACTCTGGAGTTGAGA
1527	AGGGTATCTGTCGAGGTTTATGAA
1529	GTGGCAGGTTGTTATTGGTTGTT
1530	TAGCCAAGGATGACTTGCCT
1531	TTTAAGGAGCCTATAGTGATGTTT
1538	CAAGAATATGCAGTGGTTAGATT
1543	GTTTTCTCAGCACACTCATGGCTC
1545	GGAGAGAGATTGAATTTCGGCAA
1546	AGGAGAGAGATTGAATTTCGGCA
1547	GAGGAGAGAGATTGAATTTCGGCA
1550	AGAGAGATTGAATTTCGGCAACAG
1551	CATGGTAGAGGAGCAATTCAAGGA
1552	ACAACAAATCACAGGTGGTTAGTT
1553	ACAACAAATCACAGGTGGTTAGT
1554	CACAACAAATCACAGGTGGTTAGT
1556	GTGTGAGAGAGTGTGAAGAAAAGC
1557	TCCTTTGGATTGTGAAGAAATCTT
1558	ATCCTTTGGATTGTGAAGAAATCT
1561	TGTCTAAAACTCGAGTTCCAAGAT
1562	TAGGGCACACATTAGTAAAATCCT
1564	CCTTACTAGGGCCTAGTTCTTGAC
1565	TTACTAGGGCCTAGTTCTTGACCC
1566	GCAAGATACTCGCGAGACACAGCT
1568	CGTGAGCACGACGACAGTATGGGC
1571	TGTACCAAGAAGACGATCTGAAAT
1572	GTGTACCAAGAAGACGATCTGAAA
1573	GTACCAAGAAGACGATCTGAAATT
1574	TGAATCAATAACAACTAACCACCT
1575	TTACCAATTCCACCCATTCCAT
1576	AAAGTCCTAACTCTCGTACCCGAT
1577	GCCAGATCAAGCCGCGAAACACTG
1578	CTAGAGTACTACTACAAAAGAGCT
1579	GAGAGCTCTCTTCAGTCCACT
1583	GAGCTCTCTTCAGTCCACTC
1584	GCCAAAGGTCTTGTAGCTGAATT
1585	AATGTCAGTGTGCTCCTCCGTGCC
1588	AATAAGACACTAGCTCCAATGGG
1593	CGAGATTTGAGATTTTTTTGGGAA
1594	AGTCCTTTTGTATGAACTTCAATT
1595	AAGTCCTTTTGTATGAACTTCAAT
1596	AATCTTTATTACTATGAATAAAAT
1599	ATAAAAACTTTCTTTAAATGGATT
1600	CTGTTGCCGCTGCTGCCTGGG
1601	TGAACCAATAATAACTAACCACCT
1602	TTGAACCAATAATAACTAACCACC
1603	TTTGAACCAATAATAACTAACCACC
1604	AGCAGAGAGTTTCGCGGGTCACTC
1608	CTTAAAACGTCACTATAGGCTCC
1609	AAGTGGCAGGTTGTTACTGGTTGT
1611	CTAAGTGGCAGGTTGTTACTGGT
1612	CCTAAGTGGCAGGTTGTTACTGGT
1613	AGCTGTGATCTGTTGTTATCAACC
1614	CAGAGAGTAACGGTTGAAGAAGT
1625	TTTTAGTGAACTCTACTTTACGCC
1626	CATTCTTTAGTGGATTATTTGACC
1627	ATGCCTGTAGTCCTCGGACCAGAT
1630	GCAGGTCACTCCTTGGTTAAC
1631	CACGTGGTCGTGTCAGTAAGTTCT
1633	TACTGGTTATTATTGTTGGGGCAA
1634	TTACTGGTTATTATTGTTGGGGC
1635	ATTACTGGTTATTATTGTTGGGGC
1636	GGGATTCCATGGAACTTCTTATT
1641	ACAAATTATAGGTGGTTAGTTGTT
1643	AGCTTGTGGGTATGGGTCTTGCCT
1647	CAAAAAGCTTGAGCTCGGCTTGGC
1649	AGGTTGTTTTGATATATCAGGAGT
1651	GGCTGATTGGCGGCTTGACCTCGC
1657	CGAGATACTCGCGAGACACAACTG
1658	GAGATACTCGCGAGACACAACTGT
1659	AGATACTCGCGAGACACAACTGTC
1660	CAATCATGCCTGTAGTCCTCGGAC
1661	CAATCATGCCTGTAGTCCTCGGA
1662	CCAATCATGCCTGTAGTCCTCGGA
1663	CCTTAAAATGTCACTATAGGCTCC
1664	AGGGAAATGTTAACGAGTGCCGT
1665	AAGGGAAATGTTAACGAGTGCCGT
1667	ATAACTGATTATCTAATTGGGCT
1670	TTCTGGCCGACTCTACTCTACTT
1671	TTCTGGCCGACTCTACTCTACTTC
1673	CTTTCAACGGTATGATCTCTTGCT
1674	ATCCAATCATGCCTGTAGTCCTCG
1678	AGGCTTCTAAGACTTGTGAGGTTT
1684	GCTTATAAATCGAGTCTTAGAGAC
1685	AAGGAACTAAGCGCTCAGTTTACT
1689	ATTACTGAGGAGCCCGGGCAGAAG
1693	TGGCTTAGCAGGTCAGAGAAGAC
1694	TAGGTGGCTTAGCAGGTCAGAGAA
1696	TGGGCTAGTGGGCTACCCATGGGC
1697	CTGGGCTAGTGGGCTACCCATGGG
1703	TTCTTTTTATGTCTGTGGAAAGCC
1704	AATTTACTCTACTCTACTCCCCCT
1708	AATTGGGTAGATCTAGGATGAGTT
1709	AACAAATTATAGGTGGTTAATTGT
1715	GTCGCGAAAAACACTTAGAAGATT
1716	GGGGAATGTTATCTGGTCCAAG
1717	TTACAGAACAGTGTTGCCTTGGTT
1718	TACAGAACAGTGTTGCCTTGGTT
1719	ATTACAGAACAGTGTTGCCTTGGT
1720	ACAGAACAGTGTTGCCTTGGTTGC
1721	CAGAACAGTGTTGCCTTGGTTGC
1722	CAGAACAGTGTTGCCTTGGTTGCC
1723	CCTTAGGGCACTGGTTAATAATCC
1724	TACTCTACTCTATTCTCCCTCCCT
1725	ATGCCTGAAGTCCTCGGACCAGAT
1728	TATACCTAGGTACTAGACAGAACC
1730	CCCGCCTTGCATCAACTGAA
1731	CCCGCCTTGCATCAACTGAAT
1732	TGGGTAGATTAGGCTTGGAGGGTC
1733	TTGGGTAGATTAGGCTTGGAGGGTC
1734	GGGTAGATTAGGCTTGGAGGGTC
1735	TTGGGTAGATTAGGCTTGGAGGGT
1736	GGGTAGATTAGGCTTGGAGGGTCT
1737	GGTAGATTAGGCTTGGAGGGTCT
1738	ACTTGGGTAGATTAGGCTTGGAGG
1739	GTAGATTAGGCTTGGAGGGTCTTC
1740	GTGAGATACTCGCGAGACACAGCT
1746	ATGTGTTTTCAGTTTCCATAACTC
1748	AACGAACTTGACGAATCTTTGCCT
1750	ACCCTATAGTGACGTTTTAAGGAC
1751	AAGTACACTATGAATGGAAGTATT
1753	AGCCTATAGTGACGTTTTAAGGACT
1755	AGTGGATTTGGTTTACCTTGAGGA
1757	ATTAATGACAACCAGGTTCAAGAC
1758	TGTTTGATCAAGGCTATTTGTGGC
1762	AGTCTAATTTTCGATCGATTGAGC
1763	AACCCTAAACATATATAAGGATTA
1765	GTATTAGTGACTTTCGGCTTGGCT
1766	AGTATTAGTGACTTTCGGCTTGGC
1767	TATTAGTGACTTTCGGCTTGGCTC
1768	GTAAAGTGCGTTTTGTCAAAGGAT
1769	TAAAGTGCGTTTTGTCAAAGGATT
1770	AAAGTGCGTTTTGTCAAAGGATTA
1771	AAGTGCGTTTTGTCAAAGGATTAG
1776	ATATGTCACTATTTTATGTAATTG
1781	GTCTAAGAGACTCGAGGTGCTACT
1796	TCTGGTACTCTTCGTGGATGGTGG
1799	CAATCGAACCTGGGACAAGCACTT
1800	AATCGAACCTGGGACAAGCACTTT
1801	TAGGCTAGTGGGCTACCCATGGGC
1802	CTAGGCTAGTGGGCTACCCATGGG
1807	TCTGGGCAGGTTGTCCTTGGC
1808	GGGCAGGTTGTCCTTGGCTC
1809	GCAGGTTGTCCTTGGCTCTA
1810	TGAGTCAAGAATGACTTGCCGAAC
1811	CGCCAAAGGAGAGTTGCCCTA
1814	ACAACTAACCACTTGTGATTTGTT
1815	GAACGTAGTCTGGCTCGAGGC
1816	AGACAATTTGTGTGGTTTGGCAGT
1820	GAGTCCCACATCGAAGGAAAACC
1824	TTCCAAGACTTGTGAAGTTTGAAT
1828	GTTGGAACGGCTCAATCAAAT
1831	TTGGCCTGAAGAAAATTGAATCTC
1832	TTGTGCAAGATCTCATCCAACTCT
1833	GAGCTTCCTTCAGTCCACT
1836	ACACCTGCAGTCCAGATAATG
1838	AATGTCACTATAGGTCCTTAAAAA
1839	AAATGTCACTATAGGTCCTTAAAA
1840	ATGTCACTATAGGTCCTTAAAAAC
1844	ACTTGGCCTGAAGAAAATTGAATC
1845	TGAACCAATAATAACTAACTACCT
1853	ATAATAAATCTCACGACTTGTATT
1854	ATAGAGGTCGAGTTACAAAACGCC
1855	AATGGCTTGGGCTTGCACTTGAAA
1858	AGTTTTCGCGGGTAGCTCGTGACT
1861	CTTGTAATTGGGTAGATCTAGGAT
1862	GTAATTGGGTAGATCTAGGATGGG
1869	AAATGGATTATTAACCAGTGCCCT
1872	TTGATGACTTCAACACTTGACCT
1876	GAGGACTTCAGGCATGATTGGATT
1877	CGAGGACTTCAGGCATGATTGGAT
1878	CGAGGACTTCAGGCATGATTGGA
1879	CCGAGGACTTCAGGCATGATTGGA
1880	ATTTCAACGGATCCAGTGCCACTG
1881	AGGAGGATGAGACATTTGATGAGT
1882	GGAGGATGAGACATTTGATGAGTT
1883	GAGGAGGATGAGACATTTGATGA
1884	GGAGGAGGATGAGACATTTGATGA
1888	CAAGGGTTACAAGAATTTATGAAT
1889	ATGCCTCGTCTTTGTTCCTCAGGA
1895	CTTGGCTGCTGCCTGCCCATGCCT
1896	TTGGCTGCTGCCTGCCCATGCCT
1922	ATGCCTGTAGTCCTCGAACCAGA
1928	CCTTAAGGCACTGGTTAAGAATC
1930	GTGACGAAATTGGACTTTTAGTG
1931	GTGACGAAATTGGACTTTTAGTGA
1935	CTTGAGGATAGCTAGGTTAAATC
1936	CATTTCGGCCTAGCTCGATCGATT
1940	CCAATAACAACTAACCACCTGTGA
1944	AACGTCACTATAGGCTCCTTAAAA
1945	AAACGTCACTATAGGCTCCTTAAA
1946	GTCACTATAGGCTCCTTAAAACGC
1947	AAAACGTCACTATAGGCTCCTTAA
1948	TCACTATAGGCTCCTTAAAACGCC
1949	CACTATAGGCTCCTTAAAACGCC
1950	GTCAAAATTTTAAGTAGGGAACCT
1952	TCGGCGATGATCGATGAGCGTGGC
1958	TTTGAACCAATAATAACTAACCAC
1959	TACGGCGAGGCCATGTGGGAAAGT
1960	TCATTGAGAATCGTGAATCTGGCG
1961	TTCAAATTTGAACTAATAACAACT
1962	AATTTGAACTAATAACAACTAACC
1963	CAGGGCTGATTGGCGGCTTGGCCT
1964	TGCACTGCAGCTGCTTTTCTGGCC
1965	ATGCACTGCAGCTGCTTTTCTGGC
1969	GTAAAATCCAAACACTCCCAAACT
1970	TTTACTCGAGGTAGCAATAGGATG
1971	TACTCGAGGTAGCAATAGGATGTT
1972	CTCGAGGTAGCAATAGGATGTTAGT
1975	TCAGTTTCCATAACTCATAACTC
1976	TTCAGTTTCCATAACTCATAACTC
1978	GTCGGTTTTTAGGGCTTGGTGGGT
1979	AGAAATTATAAGGTCCTCATGGTG
1980	ACTTGTAATTGGGTAGATCTAGGA
1984	CTCGGACCAGATGATTTGGGTTAG
1987	TGAACCAATAACAACTAACCACTT
1988	TTGAACCAATAACAACTAACCACT
1989	TTTGAACCAATAACAACTAACCACT
1991	ATTTGAACCAATAACAACTAACC
1992	AGTGTTTCGCGGCTTGATCTGGCG
2000	AACGAGTGCTCTTAGGGTATTGGT
2002	ATAGGTGGTTAGTTGTTATTGGT
2003	CGGCCTGGCTCGATCGATCGAAAG
2004	TTCGGCCTGGCTCGATCGATCGAA
2005	CTGGCTCGATCGATCGAAAGAAAG
2006	TTCGGCCTGGCTCGATCGATCGA
2007	AGGTGCATCGGGTAGATTAGGCTT
2008	TAGGTGCATCGGGTAGATTAGGCT
2009	TGCATCGGGTAGATTAGGCTTGGA
2010	CTATAGGTCCTTAAAACGTCACT
2011	ATCTTGGATGGATCTGGCAAGATC
2012	TATTCTATCATGAACAACGATC
2014	TTGATATATCAGGAGTGAGATCT
2016	TTCTGCAGAATTTTCAACTCAGCC
2017	TAAACACTAGGATCAGGTAGCAAC
2022	AAGGGCACTCGTTAGCATTTTCCT
2023	AATTTTGGGCCAACTCTACTCTAC
2024	AAATGGACTGTTAACCATTGCCCT
2026	GTAAAATTCAAACACTCCCAAACT
2030	CCCAAATCATCTGGTCCGAGGAC
2031	GACTCGATCGATCGAAAGTCGGCC
2032	ATGACGACCATAGAATATGAAAGG
2035	CATTGGTGCATTTCGGCCTGGCTC
2038	TGCATAGAGTTGTGGCACTAGAAC
2040	AGATTGGACCAAGAAACAAGTGAA
2041	GATTGGACCAAGAAACAAGTGAA
2042	TAATTTTCGATCGATCGAGCCTTG
2043	TAATTTTCGATCGATCGAGCCTT
2047	GAGAGAGAGAGAGAGAGAGAGAT
2049	AACGCAATCTAGTCGACTTTCGAT
2051	AGACTGCAGATGCATTGGGGCATT
2052	GAGACTGCAGATGCATTGGGGCAT
2057	TTAGATGCTGTTCCTTAGGTTCCC
2060	TCTGATCCAGATTCATGTTATCAT
2061	TCTGATCCAGATTCATGTTATCA
2063	CAGATGATTTGGGTTAGTTAACAC
2066	CCATTTGACTGGATCCAGTGCACT
2067	ACAAGTGGTTAGTTGTTATTGGTT
2068	GTGGACTTGTTGAGGTGACTAAGT
2072	AGGGCAAATCTCTTTTGGCA
2073	GGTTTCGGGTAGGGTATGGATATC
2076	GATTTTGAGGGGCTATTGTGGGGC
2077	GATTTTGAGGGGCTATTGTGGGGCC
2078	ATTTTGAGGGGCTATTGTGGGGCC
2079	AGGATTTTGAGGGGCTATTGTGGG
2081	GACAAATTGAATATCCAGAACTGT
2082	TTGAATATCCAGAACTGTGTAAAT
2083	GGTATTTAAACCGGTACGAAACGT
2085	ATAAAAGCTTGAGCTCGGCTTGGC
2086	TAGCCGTTTGATCTTACTGTTGAA
2087	AGCCGTTTGATCTTACTGTTGAA
2088	AGGTTACTTTGATATATTAGGAGT
2090	TTTTGGAACTCGAGTACTATAGAA
2093	GTTCCCTTGATCACTTCACTG
2095	GTTCCCTTGAACACTTCACC
2102	TCAAGTAGCGGAATCCGGCAAGCT
2104	AGTACTAGAGGTAAGCTAAACCCT
2107	GTTTCAACCTTTGACTCTGCTACT
2110	ATTGATTTGTGGCAATGGAATTGC
2122	GAGAGACTGCAGATGCATTGGGGC
2123	GTCCTTAAAACGTCATTATAGGCT
2124	TTTGAACCAATAACAACTAACTACT
2125	TTTGAACCAATAACAACTAACTAC
2135	GTCTAATTTTCGATCGATCGAGCCT
2136	TCTAATTTTCGATCGATCGAGCC
2139	GTCTAATTTTCGATCGATCGAGC
2155	TATTATAAAACTGCAAACTGCACT
2156	ATCATCTGGTCCGAGGACTTCAGG
2164	ATCATCTGGTTCGAGGACTTCAGG
2165	GTTTGTTGTGGTTTTGTCACGGAT
2179	TCACTTGTTTCTTGGACAGACTTG
2180	AACAAATTTTAAGTGACAGGTTGT
2181	TCGATTTTACTGTTCATATGGCCT
2183	AGTCCTTTTGTATGAATTTCGATT
2184	TTTGAACCAATAACAACTAGCCA
2192	ACATCTTGTTGTCGTCACAATATT
2195	ACTTGATGACTTCAACACTTGACC
2196	ACTTGATGACTTCAACACTTGACCT
2197	GATAGACTTGATGACTTCAACACT
2198	CTTGATGACTTCAACACTTGACCT
2199	AGAGAAATGCTAACGAGTGCCCTT
2201	ATAGGTGAAGCAGAGAGAAAATC
2203	CATGGTGGACAAGTGATGTGGTCT
2204	TTTGATATATTAGGAGTGAGATCT
2205	GAGATACTCGCGAGACATAGCTGT
2206	GTTTTAGTGTGGCAAAATGGCATA
2214	TACTGGTTATTATTGTTGGGGCA
2215	TTACTGGTTATTATTGTTGGGGCA
2216	TCGATTTTGTGAAACTCAAGTACT
2218	TTGCATGGTCCTCGGACTCAAACC
2222	ATACATAGCATCATACAATAGGAT
2226	CAAGTATAAGTGCTTGTGGGGTGT
2233	TCCATTTAAAGAAAGTTTTTATG
2238	GTGTTGTCCTTGTGTTTGCATCTC
2241	CGAGATACTCACGAAACACAGCTG
2242	CCAATGTCGTTAACCTTAAGTGGG
2244	ACGAGATACTCGCGAAACACAACT
2246	ACACAGCTGTCTCCACCTGGCCT
2253	ATCAGACTACTCTAATAAATGATT
2254	AGTGGATCTGTTTTACCTTGAGGA
2255	GTGGATCTGTTTTACCTTGAGGAT
2256	ATGAATAATAAATCTCACGACTT
2263	AGGGTCTATTGCTGTTCATGTATC
2264	ATTGTGTAAATCTGCCTGGCTCGA
2265	TTATTGTGTAAATCTGCCTGGCTC
2266	GAGAATCTTGATGATGCTGCA
2272	GAACCAATAACAACTAACCACCTG
2273	GAACCAATAACAACTAACCACCT
2276	TTCTGTTATCTCGCGGCTTGAACT
2283	ACGTTTCGTACCGGTTTAAATACC
2286	GGGGAATGTTATCTGGTCCAA
2287	GGAATGTTATCTGGTCCAAGG
2295	AGACCACTTTTAGTGACGAAACTG
2308	CCGGAATATTATAAATGTGTACTC
2313	TCGATTTGTGAGGGTATTGGGGCT
2316	TAAGGACCTATAGTGACATTTTGT
2320	ATTGGACTAAGTAATCAACTTGGC
2330	TCTTTTTATGTCTGTGGAAAGCCA
2333	TATTTCGGGTACCGGTCAATACCG
2334	CTTTTGGGTCTTTCCAATTGGGCT
2335	GTTGTAACGATCAAATTGACTGGT
2344	CTGTCCAGCTTTAATGAACACCT
2345	TATCTGTCCAGCTTTAATGAACAC
2346	ACCGCAGACTGAGTTGTTCCAGAG
2350	TGGGCAGGTTGTCCTTGGCTC
2354	GGAGGGTCTATTGCTGTTCATGTA
2356	ACAACTAACCACTTGTGATTTGT
2358	GTCGAACCGTGATGACATCATAAT
2359	GAGAAAATCCTGAGCCCGAGATT
2360	ACCCAAATCATCTGGTTCGAGGAC
2366	CCAAGGGACGCTTCGTAAATGAAA
2367	AGGAGGATGAGTCGTTTGATGAGT
2374	AGAGCTTCCTTCAGTCCACTC
2376	TTTGGATCATTCATATTTTTGAA
2379	GTGTCGGGCATATGTAACCACCCT
2382	CTCCAGCTGGCGCGACTGTTCATC
2387	CACTAAAAGTCCAATTTCGTCACT
2388	CACTAAAAGTCCAATTTCGTCAC
2391	TAGGTACATCGGGTAGATTAGGCT
2392	TTAGGTACATCGGGTAGATTAGGC
2393	AGGTACATCGGGTAGATTAGGCTT
2395	AACTTGGCCTGAAGAAAATTGAAT
2396	AGGTTGCTTTGATATATTAGGAGT
2399	GTTAGGTTCTAAAGACTTAGGATT
2400	TGTTAGGTTCTAAAGACTTAGGAT
2402	ATGGTGGGTCAAAAAAATTCAACC
2403	CATGGTGGGTCAAAAAAATTCAAC
2406	TCTGTCTACGAGATTCTTCTTG
2411	GATGGGTTCAAGTTACACTTGGTG
2427	TTGGCCTTGGCTGCTGCATGCCA
2453	AGAGGCAGGTAGCGAATCTCGGCC
2455	ACAGGTGGTTAGTTGTTATTGGT
2457	GCCAAGAACTCGACTAGATCTAGC
2458	CTTGGAGGGCTTAGGTACATCGGG
2459	TTGGAGGGCTTAGGTACATCGGGT
2463	GAATGAGGATTGGGCCCAAAGACC
2465	AGTGACGAAATTGGACTTTTAGT
2466	AACAGAGGATTACAAAATGATCTC
2471	GATTGGGCTTCTTGTGTAGATACC
2474	CCTTAAAACGTCACTATAGGCTCT
2475	AGTTCTTGGAGGCTTTAGAGCTT
2476	GAAGTTCTTGGAGGCTTTAGAGCT
2483	CTTGGACAGACTTGATGACTTCA
2486	ATTTAGAACTCTAATGTGTAATGT
2487	TTTAGAACTCTAATGTGTAATGTT
2488	TTAGAACTCTAATGTGTAATGTT
2489	GTATTTAGAACTCTAATGTGTAAT
2490	TGTATTTAGAACTCTAATGTGTAAT
2491	TAGAACTCTAATGTGTAATGTTGG
2495	AACTGATTGGTGTCTTGATCTGAT
2496	AGTAACTGTGAGATAAACTAGGCT
2497	TAACTGTGAGATAAACTAGGCTGCC
2498	TGGCCGAGTCTTGAACTAAA
2499	TGGCCGAGTCTTGAACTAAAA
2500	CTAAATCTACTCTACTCTACTCCC
2501	CCCTAACCCGACCTGTTAATAAGG
2502	CAAGATTTTGTTATTTTGGACACT
2503	AATTTATCAACCATCTTGTTGGCT
2505	TGAACCAATAACAACTAATCACCT
2506	TTGAACCAATAACAACTAATCACC
2507	TTTGAACCAATAACAACTAATCACC
2508	CTTCAGAGGAGTCGATTTTACTGT
2511	ATTTTCGATCGATTGAGCCTTGCA
2512	GTCTAATTTTCGATCGATTGAGCC
2513	ACCGTGAATGTGAAAAGAATGAGC
2514	ACTTGGCCTGAAGAAAATTGATTC
2516	ATGGCAGCATTCTATTGGGTTCAA
2528	TGAGAGCGTACTGTAGCATGTCTC
2529	TAATGTTATAGGATTCCTGGGAAT
2532	CAACGGCTTGCGTGGCGCTGACGT
2536	GTGAACTCGAGTACCCTATTTTAT
2537	GGTTTAATCTTTGCTGTGTTGATC
2543	AACAGGGCAAGTTGGCGGCTTGGC
2544	AGTTTGTGGCTTGAGATGGGACCA
2545	AGTTTGTGGCTTGAGATGGGACC
2548	TAGTTTGTGGCTTGAGATGGGAC
2552	AAATGGGTTGGGTTAGTGTTCAAC
2553	GGCAATTCTCTTAGGGCAGA
2557	CGCCGTCTGTGGGAAGAACTTGAT
2558	ATTCGGGTGCGTTTCTAAATC
2559	ATTCGGGTGCGTTTCTAAATCT
2566	GCCGTATCGGCCGTATCGGTCGCC
2568	CAAAATAAGCGGTATCCAAACAC
2584	TCTGAGTTGGCACTTTTTCCACGT
2591	ACCTTCAGAGGGTATTTGGCCGGC
2592	ACCCTTTGATTGTTGTAGTTGATT
2596	AATTCTACTCTACTCCCCTCCACT
2597	TCCTTGGGTCGTTACATATGGTAT
2598	GGATTAGGGTTGAAGGATCATGAC
2599	CCCAAATCATCTAGTCCGAGGAC
2606	CACTATAAGCTCCTTAAAAACGCC
2607	AGCTAATTTTGAACCAACTCTACT
2615	TCAAGGTATTAAGTGAGACTCACT
2617	ATACTCGCGAGACACAGCTATCTC
2618	TCGCATTTGTTGACTTTGAAAAAT
2620	ATTTTTAACCAACTCTACTCTACT
2626	CTTGTGTCCAGTGAAAGTTTTCAC
2635	TCAGAGAGTAACGGTTGAAGAAGT
2638	TTTGTGCGTGAATCCGACCCC
2639	CACTATCTCTAAGGCACTTG
2640	CACTATCTCTAAGGCACTTGA
2643	TAGGGTTAGAAGAAAAGAAGGCC
2646	GTTCGAGGACTACAGGCATGATTG
2660	AAGTCCAGAAGCTCTGCCGGAACC
2661	GAAGTCCAGAAGCTCTGCCGGAACC
2662	GAAGTCCAGAAGCTCTGCCGGAAC
2663	AGAAGTCCAGAAGCTCTGCCGGAA
2664	TAGCCACTATAGCACATACTCGGA
2665	GTCAAGTTAGAACTTCTCACAACT
2667	ATCGGAGATGTGGCGTTTGGTGGA
2670	TCTGAATGACATCTTTTGCTTGGA
2671	ACGTTTTAAGGACCTATAGTGACG
2672	AGTGACGTTTTAAGGACCTATAGT
2674	TCAAGGATATTGTGAATTCTGCCT
2675	TTTTAAAACGTCACTATAGGCTCC
2680	GAGATACTTGCGAGACACAGCTGT
2681	CGAGATACTTGCGAGACACAGCTG
2683	TGCATGGTCCTCGGACTCAAGCCT
2684	ATTGCATGGTCCTCGGACTCAAGC
2685	AGAGAGTGTGTTATGTGTAGTATA
2686	ACTTATAGTGGCGTTTTGTAACTC
2687	GATTGGTGTCTTGGTCTGATGAT
2689	TTTGAACCAATAACAACTAACCAT
2691	TGAACCAATAACAACTAACCACC
2696	GTGGCTTAGCAGGTCAGAGAAGAC
2700	AATCTGAGATCATCTGGTCCGAGG
2701	TAATCTGAGATCATCTGGTCCGAG
2702	ATCTGAGATCATCTGGTCCGAGGA
2703	TAATCTGAGATCATCTGGTCCGA
2704	CTAATCTGAGATCATCTGGTCCGA
2705	TCTGAGATCATCTGGTCCGAGGAC
2706	ACTAATCTGAGATCATCTGGTCCG
2707	CTGAGATCATCTGGTCCGAGGACT
2721	GCGAGATACTCGCGAGAGACAGCT
2726	ATGAGAAATGCTAACGAGTGCCCT
2728	CGTGATGTTTGTTCGGCTCATC
2730	GTTACTAGTTGTTATTGTTGGGGC
2732	GTGTCAGCTTGTGATAGGTCGGGA
2733	TGTCAGCTTGTGATAGGTCGGGAA
2734	GTCAGCTTGTGATAGGTCGGGAA
2736	AAGCGAAGTCCTGACCAACTCAGC
2741	GCCAGCCTGTACTGAATGACTCAC
2742	TCTGCCAGCCTGTACTGAATGACT
2743	CAGCCTGTACTGAATGACTCACA
2744	CAGCCTGTACTGAATGACTCACAC
2748	CCGGCCAACTCTCCTCTACTTCCC
2756	ATTTGAACCCCCTGGGCTGCACCT
2758	CAGTTTCAGCAAAATAAGTGGATC
2767	CTTAGGATTTTATGTATTTAGAAC
2803	GGTAAGTGTTTGGGCTATCAACCT
2804	GACTTGGTAGTGTGATGTGTCAGC
2805	GTGGACTTGGTAGTGTGATGTGTC
2806	ACTTGGTAGTGTGATGTGTCAGCT
2807	CTTGGTAGTGTGATGTGTCAGCTT
2814	ACGAACCCAGGCGCCGATTTTGAC
2817	AAAGGCCTTGTAGCTGAATTGACA
2820	GCGGAAGTCTTTTCCTTATAGGAC
2821	CGGAAGTCTTTTCCTTATAGGAC
2822	GTAGACATGGCAAAACGGGTCAGA
2827	AGGGCAATTCTCTTTTGGCA
2829	GGACCAGATGATCTCAGATTAGTT
2830	GACCAGATGATCTCAGATTAGTT
2831	GGACCAGATGATCTCAGATTAGT
2832	CGGACCAGATGATCTCAGATTAGT
2833	GACCAGATGATCTCAGATTAGTTA
2834	CGGACCAGATGATCTCAGATTAG
2835	ACCAGATGATCTCAGATTAGTTAA
2836	CTCGGACCAGATGATCTCAGATTA
2837	CCAGATGATCTCAGATTAGTTAAC
2838	CTCGGACCAGATGATCTCAGATT
2842	AGGGAATGCTGAAAGATGTGCC
2852	ATAGGTGAAGCAGAGAGAAAATCC
2854	TTTGTAACTCGAGCTCCATGAACT
2857	GAATCCTAATCCGAATTGGACTT
2858	GGAATCCTAATCCGAATTGGACTT
2859	GGAATCCTAATCCGAATTGGACT
2863	ATACTCGCGAGACACAGCTGTCTC
2866	GTTTTGAGGGGCTATTGTGGGGCC
2872	GGGAGCAACCGTCTAGCAGCC
2874	GGCATTGCATGGTCCTCGGACCCA
2875	AGGCATTGCATGGTCCTCGGACCC
2877	AATTAAGATTATTGTTAGTAGAAT
2889	TTGGATTTGGGTTAGAAATAATT
2891	ATTCTCATGTTTGGTTGCAAATC
2895	AAGATTGCTTAGAGTTACACCAGG
2898	CTTACTTTGGGCCTGGTCTTTCCC
2905	CATGGAACTCGAGTTTTTAAAACT
2906	CTAATATTAGATACGCCAACAATG
2909	AAATTCAGGCGGCTCTGTGCTCCC
2918	GTGGAATGGTAGACAAGTGACGTG
2922	ATAAAAACTTTCTTTAAATGGAT
2925	AGTGTAACAATTTAGTCTTGC
2928	ATGGAAAATGCTAACGAGTGCCCT
2931	ACGAGCCCAATGAACCCAAGACAA
2934	AAAGTAATTGTGGCAATGGTATTG
2935	ATCCACATGGTAGAATCTTAAAAT
2938	GTTCGAGCTGGTGGTACCCATGGG
2940	TTCGAGCTGGTGGTACCCATGGGCT
2941	TTGTCCTGTAGTGCGACAGCTGGC
2942	CTTTTGTCCTGTAGTGCGACAGCT
2943	GTTGAGCTTCGGCTGGGACGGCGT
2959	AGTGTATGAAGGATTGATCTTGAG
2978	TCCAAAGGGATCGCATTGAT
2988	CTCCGGGCTCTCACAAAGTGG
2989	GTTGGGTCATAAATGGGTTGGGTG
2990	ATTTTCAGCTAATTCTACTCTACT
2995	ATTCAAGGCTAAATTGGGGAAAGC
2997	ATGAGCCAATGGAGTTAGAGTACT
3002	TTGCATGGTCCTCGGACCCAAACC
3011	ACGGTGTTCCTAATTTTGTGATTG
3017	AGTGATAGACAGAACCAAGGCATT
3018	ATAGACAGAACCAAGGCATTGCAT
3021	GTTTTAAGGACTTATAGTGGCATT
3030	ATAGGTGAAGCAGAGAGAAAATTC
3032	TGTAGGTTGCTTTGATATATCAGG
3035	ACATTCGTCCTAATTGTCATAAAT
3038	AGGGAGAGTAGAGTAGATAAATT
3044	CTTGGGTAGATTAGGCTTGGAGGG
3046	AGTATGTGTCGAGGTTTAGAAAGC
3047	CAAATTTGTATATTGGGCCTTGGGC
3049	AATTTGTATATTGGGCCTTGGGC
3053	GGCAGTGCTCCCAGGAAGGT
3054	TGAACTAATAACAACTAACCACCT
3080	ATCAACGAATGTAGGGTTAGGATC
3084	AAGAATAGATCATGTGGCAGTT
3087	AGGCCGTAGACCGTTGGACTCGTG
3089	ATGATGAATAACTTAAAGGATTAA
3090	ATATGATGAATAACTTAAAGGATT
3091	ATGAATAACTTAAAGGATTAAACT
3098	AATGCACTGGACCCGTTGAGA
3100	TTCAAAGGAGTCGATTTTACTGTT
3101	AAGGAGGTCCTCGGCGTGGATTGG
3104	AACTGATTGGTGTTTTAGTCTGAT
3105	ATCTGGTCCGAGGACTATAGGCAT
3106	AATTCTGACTGACTCGATCGAT
3107	AAATATTATTTTGGTCTCTAAACT
3110	ACCTGTCACTTAGAATTTGTTGTA
3114	AAAAGTTCTATTTTCGTCCCTAAA
3118	CGAGATACTCGCGAGATACAGCTG
3124	ATTCAAATTAGAACTAATAACAACT
3126	CTGGAGCGGGCCACATGAGTTTG
3130	AAAGGGGATCTGCAGATACAACTC
3131	ATAACTCTGTTTCCATCACTCAAT
3134	AAGGTTAGCTGTCCAAATTTTATT
3136	TCCTGCTCCACTCTATACTCCACC
3144	GTTTCAGAATTTGGATTTTACCCC
3174	GGCCATCCTTCTGTGACATG
3175	ATCGAAAATCGTATCTGCAGAATT
3176	TCCTGTCGCAGGAGAGGTGGC
3180	CAAATCTTCTGTCCCACTTTTCCT
3182	AAGTTTAGGGACGAAAAACGAACT
3184	ACTTTTCCTGCTCCACTCTATACT
3185	CACTTTTCCTGCTCCACTCTATACT
3186	CTTTTCCTGCTCCACTCTATACT
3187	TTTTCCTGCTCCACTCTATACTCC
3202	TAGGCGACTAAACCCTAGACTACT
3216	ACTCCGCAAAGTTGTATCTGAACT
3231	CAGGAAAAGTGGGACAGAAGA
3242	GGCCAATGGATGATCAACAGAAGG
3243	AGGCCAATGGATGATCAACAGAAG
3253	CGAGTCCAAATCTTCTGTCCCACT
3254	TGGATCCCGCCTTGCATCAAC
3257	CCGCCTTGCATCAACTGAAT
3258	AAATCTACTCTACTCTACTCCCTC
3272	CTCGGTCCATTTTCAAAGTGAAC
3273	ATTGTAGGGTCTGTTTTTGTAGCC
3275	TCCTCGGATGGCCTTGCATTCACC
3278	TGTTGGAACGGCTCAATCAAA
3290	CTGTCTACGAGATTCTTCTTGC
3304	TAGGGACGAAAATGATATTTTACC
3305	ACTGATTGGTGTCTTGGTCTGATG
3306	AACTGATTGGTGTCTTGGTCTGAT
3307	AAACTGATTGGTGTCTTGGTCTGA
3308	ATTGGTCCGAGGATGTCTTGCTCC
