ATGGCATTATAGAGTACTTCTAAT	novel-star	0	0	0	0	0	0	0	0	0
CTAATTTTTGATCGATCGAGCCT	novel-star	0	0	0	0	0	0	0	0	0
TCTAATTTTTGATCGATCGAGCCT	novel-star	0	0	0	0	0	0	0	0	0
GTCTAATTTTTGATCGATCGAGCC	novel-star	0	0	0	0	0	0	0	0	0
AATTTTTGATCGATCGAGCCTTGC	novel-star	0	0	0	0	0	0	0	0	0
TCGGATTTCGTCAGTTTGTTGATC	novel-star	0	0	0	0	0	0	0	0	0
AGACAGCTGTCTCTCGCGAGTATC	novel-star	0	0	0	0	0	0	0	0	0
ATTTTGTGCTAAATCTACTCTACT	novel-star	0	0	0	0	0	0	0	0	0
GTGGCAAGTTGTGAGTGGTGGAGA	novel-star	0	0	0	0	0	0	0	0	0
TTCAAATTCCAAGGCCATCATG	novel-star	0	0	0	0	0	0	0	0	0
TCAAATTCCAAGGCCATCATG	novel-star	0	0	0	0	0	0	0	0	0
GTCCTTAAAACGTCACTATAGGCT	novel-star	0	0	0	0	0	0	0	0	0
AAGGCATCGTGTGACTCACTGGTG	novel-star	0	0	0	0	0	0	0	0	0
GAAGGCATCGTGTGACTCACTGGT	novel-star	0	0	0	0	0	0	0	0	0
GTACGCATCGTGTTACGTCTAATG	novel-star	0	0	0	0	0	0	0	0	0
ATTTTTAGCCAACTCTACTCTACT	novel-star	0	0	0	0	0	0	0	0	0
ACAGGTTGAATTTTCTGCAGAATT	novel-star	0	0	0	0	0	0	0	0	0
AGGTCGGGTTAGGGTTGAAGGATC	novel-star	0	0	0	0	0	0	0	0	0
GGGTTAGGGTTGAAGGATCATGAC	novel-star	0	0	0	0	0	0	0	0	0
GGTTAGGGTTGAAGGATCATGAC	novel-star	0	0	0	0	0	0	0	0	0
TGAACCAATAACAACTAACCACCT	novel-star	0	0	0	0	0	0	0	0	0
TTGAACCAATAACAACTAACCACC	novel-star	0	0	0	0	0	0	0	0	0
TTTGAACCAATAACAACTAACCACC	novel-star	0	0	0	0	0	0	0	0	0
TTTGAACCAATAACAACTAACCAC	novel-star	0	0	0	0	0	0	0	0	0
ACCCTATAGTGACGTTTTAAG	novel-star	0	0	0	0	0	0	0	0	0
CATGCCTGTAGTCCTCGGACCAGA	novel-star	0	0	0	0	0	0	0	0	0
CATGCCTGTAGTCCTCGGACCAG	novel-star	0	0	0	0	0	0	0	0	0
TCATGCCTGTAGTCCTCGGACCAG	novel-star	0	0	0	0	0	0	0	0	0
TTCATGCCTGTAGTCCTCGGACCA	novel-star	0	0	0	0	0	0	0	0	0
CTAACTTTTACCTTTATCTACAGT	novel-star	0	0	0	0	0	0	0	0	0
CTTGTCCACCATTCCACTAAAAAA	novel-star	0	0	0	0	0	0	0	0	0
ATATATACTAGTCGCTAACCCGTG	novel-star	0	0	0	0	0	0	0	0	0
ATAGGTGGTTAGTTGTTATTGGTT	novel-star	0	0	0	0	0	0	0	0	0
TTTCATTGAAGTCGAGTTAAA	novel-star	0	0	0	0	0	0	0	0	0
ATCTGCACGACTTTCGATCGGTCG	novel-star	0	0	0	0	0	0	0	0	0
AAGTACTGTTTCTTAGATTCTCCT	novel-star	0	0	0	0	0	0	0	0	0
GACACAGCTGTCTCCATCTGGCCT	novel-star	0	0	0	0	0	0	0	0	0
ACACAGCTGTCTCCATCTGGCCT	novel-star	0	0	0	0	0	0	0	0	0
ACACAGCTGTCTCCATCTGGCCTG	novel-star	0	0	0	0	0	0	0	0	0
CGAGAGGCTGCAGATGCATTAGTG	novel-star	0	0	0	0	0	0	0	0	0
TTTTAGTCCTTTCCGTCAGTCAAC	novel-star	0	0	0	0	0	0	0	0	0
TTAGCGCTGCACTCAATCATGT	novel-star	0	0	0	0	0	0	0	0	0
AACTATGGAGATCACTGATAAACT	novel-star	0	0	0	0	0	0	0	0	0
ACTATGGAGATCACTGATAAACTT	novel-star	0	0	0	0	0	0	0	0	0
CCAGAGGGGTTAGGTGAATGCATT	novel-star	0	0	0	0	0	0	0	0	0
CATTTTTACAACAAATCCTAAGT	novel-star	0	0	0	0	0	0	0	0	0
TGACCATTATGAATTCAGCATTT	novel-star	0	0	0	0	0	0	0	0	0
TGACCATTATGAATTCAGCATTTA	novel-star	0	0	0	0	0	0	0	0	0
TTGTAAGTCCTTTTGTATGAACT	novel-star	0	0	0	0	0	0	0	0	0
CAACAAATTCTAAGTGGTAAGTT	novel-star	0	0	0	0	0	0	0	0	0
CGCTCTTAGGCCGCGTTTGAAAAG	novel-star	0	0	0	0	0	0	0	0	0
CAGTCAATGTATTGTGAAGTTTGA	novel-star	0	0	0	0	0	0	0	0	0
GTTATGAGTTATGGAAACTGAAAA	novel-star	0	0	0	0	0	0	0	0	0
TTGAGTTATGAGTTATGGAAACT	novel-star	0	0	0	0	0	0	0	0	0
ATTGAGTTATGAGTTATGGAAACT	novel-star	0	0	0	0	0	0	0	0	0
TTATGAGTTATGGAAACTGAAAAC	novel-star	0	0	0	0	0	0	0	0	0
AGATGATTTGGGTTAGTTAACACT	novel-star	0	0	0	0	0	0	0	0	0
ACTTTCAAAAGTTCTATTTTCGTC	novel-star	0	0	0	0	0	0	0	0	0
TTTCAAAAGTTCTATTTTCGTCCC	novel-star	0	0	0	0	0	0	0	0	0
TTCAAAAGTTCTATTTTCGTCCCT	novel-star	0	0	0	0	0	0	0	0	0
TTTTAGAGGTCGTCACATAAGAGA	novel-star	0	0	0	0	0	0	0	0	0
ATTTTAGAGGTCGTCACATAAGAG	novel-star	0	0	0	0	0	0	0	0	0
ACTTTGTCGAGTAGTGAATGTTCA	novel-star	0	0	0	0	0	0	0	0	0
CTTAGGTACAGTACTTAGGTGCTG	novel-star	0	0	0	0	0	0	0	0	0
ATTTTGAGGATATTGAGTTTTACA	novel-star	0	0	0	0	0	0	0	0	0
AGAGTAGAGTTGGCTAAAAATAAG	novel-star	0	0	0	0	0	0	0	0	0
CAATAGGATGTTAGTGGTCTAAGT	novel-star	0	0	0	0	0	0	0	0	0
AATAGGATGTTAGTGGTCTAAGTC	novel-star	0	0	0	0	0	0	0	0	0
GTAGCAATAGGATGTTAGTGGTCT	novel-star	0	0	0	0	0	0	0	0	0
ATAGGATGTTAGTGGTCTAAGTCT	novel-star	0	0	0	0	0	0	0	0	0
TTCGAGCTGGTGGTACCCATGGGC	novel-star	0	0	0	0	0	0	0	0	0
TGGACTGAGGACAACACCAAGTGG	novel-star	0	0	0	0	0	0	0	0	0
CTAATTTTCGATCGATCGAGCCTT	novel-star	0	0	0	0	0	0	0	0	0
CTAATTTTCGATCGATCGAGCCT	novel-star	0	0	0	0	0	0	0	0	0
TCTAATTTTCGATCGATCGAGCCT	novel-star	0	0	0	0	0	0	0	0	0
GTCTAATTTTCGATCGATCGAGCC	novel-star	0	0	0	0	0	0	0	0	0
AGTCTAATTTTCGATCGATCGAGCC	novel-star	0	0	0	0	0	0	0	0	0
ATTGCTTCTGCCATCTGAAAT	novel-star	0	0	0	0	0	0	0	0	0
AATTGCTTCTGCCATCTGAAAT	novel-star	0	0	0	0	0	0	0	0	0
AATTGCTTCTGCCATCTGAA	novel-star	0	0	0	0	0	0	0	0	0
CAAGGAGAGTCCTATAAGGAAAAG	novel-star	0	0	0	0	0	0	0	0	0
TTTATTAACAACTGCAAGGAGCCT	novel-star	0	0	0	0	0	0	0	0	0
ATTTAAGATTCCTGGGAATAAACC	novel-star	0	0	0	0	0	0	0	0	0
CCATTTCGGTCGGTTTCGGTTGAG	novel-star	0	0	0	0	0	0	0	0	0
CAGGGCAAGTTGGCGACTTGAACT	novel-star	0	0	0	0	0	0	0	0	0
TTTGAAAAACGCGGCTATAGACCC	novel-star	0	0	0	0	0	0	0	0	0
CCAGGTGTAACTTGAACCCATCT	novel-star	0	0	0	0	0	0	0	0	0
TCTTTCGATATCCTTCCGTTTC	novel-star	0	0	0	0	0	0	0	0	0
GAGGCTTTCTTTCCTATGTGGGAC	novel-star	0	0	0	0	0	0	0	0	0
GGGGTAAACTGAGATCACGT	novel-star	0	0	0	0	0	0	0	0	0
AGTAACGGTTGAAGAAGTGACGAC	novel-star	0	0	0	0	0	0	0	0	0
TTTGAGTTATGAGTTATGGAAACT	novel-star	0	0	0	0	0	0	0	0	0
AGTCCCACATCGAAGGAAAACCCC	novel-star	0	0	0	0	0	0	0	0	0
GAGTCCCACATCGAAGGAAAACCC	novel-star	0	0	0	0	0	0	0	0	0
GGAGTCCCACATCGAAGGAAAACC	novel-star	0	0	0	0	0	0	0	0	0
CAAACGGGTCACGGGTCAAAAACG	novel-star	0	0	0	0	0	0	0	0	0
CATGCCTGTAGTCCTCGGATCAGA	novel-star	0	0	0	0	0	0	0	0	0
TGCATGGTCCTCGGACTCAAACCT	novel-star	0	0	0	0	0	0	0	0	0
GGTATTGCATGGTCCTCGGACTCA	novel-star	0	0	0	0	0	0	0	0	0
GGTATTGCATGGTCCTCGGACTC	novel-star	0	0	0	0	0	0	0	0	0
TCATCCTCGGACCCATCGTGCGTC	novel-star	0	0	0	0	0	0	0	0	0
AAGTTCTATTTTCGTCCCTAA	novel-star	0	0	0	0	0	0	0	0	0
AGTTCTATTTTCGTCCCTAAA	novel-star	0	0	0	0	0	0	0	0	0
CAAAAGTTCTATTTTCGTCCC	novel-star	0	0	0	0	0	0	0	0	0
CTATTTTCGTCCCTAAACT	novel-star	0	0	0	0	0	0	0	0	0
GGAGGGGGAGTAGAGTACATAAAC	novel-star	0	0	0	0	0	0	0	0	0
CTTATTCATTTGTTCGATTGTACT	novel-star	0	0	0	0	0	0	0	0	0
AATTGGTGTCTTGGTCTGATGATA	novel-star	0	0	0	0	0	0	0	0	0
GCTGATGTGAGAGGGACGAAAATC	novel-star	0	0	0	0	0	0	0	0	0
GTCTAATTTTCGATCGATCGAGCT	novel-star	0	0	0	0	0	0	0	0	0
CTAGTTAATAATCCATTTAAAGAA	novel-star	0	0	0	0	0	0	0	0	0
GATACTCGCGAGACACAGCTGTCT	novel-star	0	0	0	0	0	0	0	0	0
GAGATACTCGCGAGACACAGCTGT	novel-star	0	0	0	0	0	0	0	0	0
GAGATACTCGCGAGACACAGCTG	novel-star	0	0	0	0	0	0	0	0	0
GACACAGCTGTCTCCACCTGGCCT	novel-star	0	0	0	0	0	0	0	0	0
TTAGCGCTATCCATCCTGAGT	novel-star	0	0	0	0	0	0	0	0	0
TATAACTGATTATCTAATTGGGCT	novel-star	0	0	0	0	0	0	0	0	0
ACCCTAACCCGACCTGTTAATAAG	novel-star	0	0	0	0	0	0	0	0	0
ATCTTAGACAAAAGTTGTTGAT	novel-star	0	0	0	0	0	0	0	0	0
TCTTAGACAAAAGTTGTTGATT	novel-star	0	0	0	0	0	0	0	0	0
TGAGCCCAATGAACCCAGAACAAT	novel-star	0	0	0	0	0	0	0	0	0
ATTATGAGCCCAATGAACCCAGAA	novel-star	0	0	0	0	0	0	0	0	0
CAGAAGCTCTTATCGAATGGA	novel-star	0	0	0	0	0	0	0	0	0
AGGGTCAGTTTTGCATTTTTGCCT	novel-star	0	0	0	0	0	0	0	0	0
GCTTGAGATGGGACCAAAGGGACC	novel-star	0	0	0	0	0	0	0	0	0
CTTGAGATGGGACCAAAGGGACC	novel-star	0	0	0	0	0	0	0	0	0
GGCTTGAGATGGGACCAAAGGGAC	novel-star	0	0	0	0	0	0	0	0	0
CTAACCCAAATCATCTGGTCCGAG	novel-star	0	0	0	0	0	0	0	0	0
AGGATTAGTGCACTGGCAGGCGCA	novel-star	0	0	0	0	0	0	0	0	0
AGTGCACTGGCAGGCGCAACGGGC	novel-star	0	0	0	0	0	0	0	0	0
TCTTTAATTGGATTGTTAACCAAT	novel-star	0	0	0	0	0	0	0	0	0
ATTTTCTAAAACTCGAGATGCCT	novel-star	0	0	0	0	0	0	0	0	0
GATTTTCTAAAACTCGAGATGCCT	novel-star	0	0	0	0	0	0	0	0	0
TCGATGTGGGACTCCTAGGACACC	novel-star	0	0	0	0	0	0	0	0	0
TTCGATGTGGGACTCCTAGGACACC	novel-star	0	0	0	0	0	0	0	0	0
TTCGATGTGGGACTCCTAGGACAC	novel-star	0	0	0	0	0	0	0	0	0
ATGTGGGACTCCTAGGACACCGTC	novel-star	0	0	0	0	0	0	0	0	0
AACGTTTCGTACCGGTTTAAATAC	novel-star	0	0	0	0	0	0	0	0	0
ACAGGGTGTTCTGGCGACTTGACC	novel-star	0	0	0	0	0	0	0	0	0
GAGTTGGTCAGCTGTGAGTGA	novel-star	0	0	0	0	0	0	0	0	0
TTCGTGGATCGGCGAGCTCGAGGA	novel-star	0	0	0	0	0	0	0	0	0
AAGAGAGCGTCAGTAGTCCGAAGA	novel-star	0	0	0	0	0	0	0	0	0
TCCGAAGAGAGCGTCAGTAGTCCG	novel-star	0	0	0	0	0	0	0	0	0
GAGAGCGTCAGTAGTCCGAAGAGT	novel-star	0	0	0	0	0	0	0	0	0
GGCCTGGCTCGATCGATCGAAGAA	novel-star	0	0	0	0	0	0	0	0	0
GGCCTGGCTCGATCGATCGAAGA	novel-star	0	0	0	0	0	0	0	0	0
TTGGCCTGGCTCGATCGATCGAAG	novel-star	0	0	0	0	0	0	0	0	0
TTTGGCCTGGCTCGATCGATCGAA	novel-star	0	0	0	0	0	0	0	0	0
CATGCTTGGCAACGTCCTCGGACG	novel-star	0	0	0	0	0	0	0	0	0
GCATGCTTGGCAACGTCCTCGGAC	novel-star	0	0	0	0	0	0	0	0	0
AGCCTATAGTGACGTTTTAAGGAC	novel-star	0	0	0	0	0	0	0	0	0
GCCTAGGACGTTGCCTTGCATGCC	novel-star	0	0	0	0	0	0	0	0	0
TGGCAGTGCTCCCAGGAAGG	novel-star	0	0	0	0	0	0	0	0	0
TGGCAGTGCTCCCAGGAAGGT	novel-star	0	0	0	0	0	0	0	0	0
AGGGAGGGAGAGTAATGCAATTAC	novel-star	0	0	0	0	0	0	0	0	0
ACGACTTAAATACGCGACGGGG	novel-star	0	0	0	0	0	0	0	0	0
GACGACTTAAATACGCGACGGGG	novel-star	0	0	0	0	0	0	0	0	0
CGACTTAAATACGCGACGGGG	novel-star	0	0	0	0	0	0	0	0	0
ACGACTTAAATACGCGACGGG	novel-star	0	0	0	0	0	0	0	0	0
ACGACTTAAATACGCGACGGGGT	novel-star	0	0	0	0	0	0	0	0	0
GACGACTTAAATACGCGACGGG	novel-star	0	0	0	0	0	0	0	0	0
CGACTTAAATACGCGACGGGGT	novel-star	0	0	0	0	0	0	0	0	0
AGACGACTTAAATACGCGACGGG	novel-star	0	0	0	0	0	0	0	0	0
GACTTAAATACGCGACGGGGT	novel-star	0	0	0	0	0	0	0	0	0
GACGACTTAAATACGCGACGG	novel-star	0	0	0	0	0	0	0	0	0
CGACTTAAATACGCGACGGGGTA	novel-star	0	0	0	0	0	0	0	0	0
AGACGACTTAAATACGCGACGG	novel-star	0	0	0	0	0	0	0	0	0
GACTTAAATACGCGACGGGGTA	novel-star	0	0	0	0	0	0	0	0	0
CAGACGACTTAAATACGCGACGG	novel-star	0	0	0	0	0	0	0	0	0
ACTTAAATACGCGACGGGGTA	novel-star	0	0	0	0	0	0	0	0	0
AGACGACTTAAATACGCGACG	novel-star	0	0	0	0	0	0	0	0	0
GACTTAAATACGCGACGGGGTAT	novel-star	0	0	0	0	0	0	0	0	0
CAGACGACTTAAATACGCGACG	novel-star	0	0	0	0	0	0	0	0	0
ACTTAAATACGCGACGGGGTAT	novel-star	0	0	0	0	0	0	0	0	0
GCAGACGACTTAAATACGCGACG	novel-star	0	0	0	0	0	0	0	0	0
CTTAAATACGCGACGGGGTAT	novel-star	0	0	0	0	0	0	0	0	0
CAGACGACTTAAATACGCGAC	novel-star	0	0	0	0	0	0	0	0	0
ACTTAAATACGCGACGGGGTATT	novel-star	0	0	0	0	0	0	0	0	0
GTTGGAATCGAGAGGCTGCAGATG	novel-star	0	0	0	0	0	0	0	0	0
AGTTGGAATCGAGAGGCTGCAGAT	novel-star	0	0	0	0	0	0	0	0	0
TTGGAATCGAGAGGCTGCAGATGC	novel-star	0	0	0	0	0	0	0	0	0
AAGTTGGAATCGAGAGGCTGCAGA	novel-star	0	0	0	0	0	0	0	0	0
AAAGTTGGAATCGAGAGGCTGCAG	novel-star	0	0	0	0	0	0	0	0	0
AATAGATCATGTGGCAGTTTC	novel-star	0	0	0	0	0	0	0	0	0
AATAGATCATGTGGCAGTTTCA	novel-star	0	0	0	0	0	0	0	0	0
AATAGATCATGTGGCAGTTTCAC	novel-star	0	0	0	0	0	0	0	0	0
AAGAATAGATCATGTGGCAGT	novel-star	0	0	0	0	0	0	0	0	0
CCTTGAAGTTTAAAGCGATCG	novel-star	0	0	0	0	0	0	0	0	0
CCTTGAAGTTTAAAGCGATCGC	novel-star	0	0	0	0	0	0	0	0	0
AGGTTGAATTTCTGCAGAATTTCC	novel-star	0	0	0	0	0	0	0	0	0
TTGGGCTGAGTTGGAAAATTCTGC	novel-star	0	0	0	0	0	0	0	0	0
CGAGATACTCGCGAGACACAGCTG	novel-star	0	0	0	0	0	0	0	0	0
GATGGAGCTACTGTGATGAGA	novel-star	0	0	0	0	0	0	0	0	0
ACCCAAATCATCTGGTCCGAGGAC	novel-star	0	0	0	0	0	0	0	0	0
CGTTTTTAAGGAGCCTATAGTGAC	novel-star	0	0	0	0	0	0	0	0	0
CCTTAGACAAAAGTTGTTGAT	novel-star	0	0	0	0	0	0	0	0	0
AGTCCTCGGACCAGATGATTTGGG	novel-star	0	0	0	0	0	0	0	0	0
CGATTAACCCAACTATATAGG	novel-star	0	0	0	0	0	0	0	0	0
GAGAGTGGGTCAAAGAGCTAGGCT	novel-star	0	0	0	0	0	0	0	0	0
AGAGAGTGGGTCAAAGAGCTAGGC	novel-star	0	0	0	0	0	0	0	0	0
ATCCAACGGTTAGATTTTCAAAAT	novel-star	0	0	0	0	0	0	0	0	0
TAGTGACGAAATTGGACTTTTAGT	novel-star	0	0	0	0	0	0	0	0	0
AGTGACGAAATTGGACTTTTAGTG	novel-star	0	0	0	0	0	0	0	0	0
TCTGGTCCGAGGACTATAGGCATG	novel-star	0	0	0	0	0	0	0	0	0
CGAGTCCAAATCTTCTGTTTCACT	novel-star	0	0	0	0	0	0	0	0	0
CTATAATGACGTTTTAAGGACCT	novel-star	0	0	0	0	0	0	0	0	0
TTTTGGATCATTCATATTTTTGAA	novel-star	0	0	0	0	0	0	0	0	0
TGCAGTCCAGATAATGCTGGC	novel-star	0	0	0	0	0	0	0	0	0
ACAAAAGTTCGTTTTTCGTCCCT	novel-star	0	0	0	0	0	0	0	0	0
CAAGATTTGTAGCCCAAGCCCAAA	novel-star	0	0	0	0	0	0	0	0	0
AACAGAATGTCTTGCGGGTGTCTC	novel-star	0	0	0	0	0	0	0	0	0
CTTGATATTGAGCTCGAGCTTGGC	novel-star	0	0	0	0	0	0	0	0	0
CATGCCTAGGACGTTGCAAAGCAT	novel-star	0	0	0	0	0	0	0	0	0
AGGCGGCTGTGTCCCTTGCATCCA	novel-star	0	0	0	0	0	0	0	0	0
CAAGTACATGGGGTAGACTAGGCT	novel-star	0	0	0	0	0	0	0	0	0
AATTTGTAGAGAATGAGTTTAAGA	novel-star	0	0	0	0	0	0	0	0	0
CAATGAATTTGTAGAGAATGAGT	novel-star	0	0	0	0	0	0	0	0	0
GAGTAGTGGGGAGGAGAGTAGAGG	novel-star	0	0	0	0	0	0	0	0	0
AAGTGAATCTGTGTTGATCGGAGC	novel-star	0	0	0	0	0	0	0	0	0
CATGTCTGTAGTCCTCGGACCAGA	novel-star	0	0	0	0	0	0	0	0	0
CAAGTCTAAGGCGAGCTGTCACCT	novel-star	0	0	0	0	0	0	0	0	0
CATGCCTGTAGTCCTCGAACCAGA	novel-star	0	0	0	0	0	0	0	0	0
GCCTATAGTGACGTTTTAAGGACT	novel-star	0	0	0	0	0	0	0	0	0
ATTTTTGATCGATCGAGCCTTGCA	novel-star	0	0	0	0	0	0	0	0	0
ATCAGAGTCTTGGCCTTTATT	novel-star	0	0	0	0	0	0	0	0	0
TCCTCGGACCAGATGATTTGGGTT	novel-star	0	0	0	0	0	0	0	0	0
GGTGCATTTCGGCCTAGCTCGATC	novel-star	0	0	0	0	0	0	0	0	0
CAAATTCCAAGGCCATCATG	novel-star	0	0	0	0	0	0	0	0	0
GTGGTCCGAGGACCTGACATGACT	novel-star	0	0	0	0	0	0	0	0	0
CAAGCTCTGGGCGAACCGTCACCT	novel-star	0	0	0	0	0	0	0	0	0
TCTGGGCGAACCGTCACCTTGGCA	novel-star	0	0	0	0	0	0	0	0	0
GCAAGCTCTGGGCGAACCGTCACC	novel-star	0	0	0	0	0	0	0	0	0
ATCATTTCTTCGGACTCTATGAGT	novel-star	0	0	0	0	0	0	0	0	0
TCGGGTTAGGGTTGAAGGATCATG	novel-star	0	0	0	0	0	0	0	0	0
CAGGTCGGGTTAGGGTTGAAGGAT	novel-star	0	0	0	0	0	0	0	0	0
AAAACTTGTGTTACAATGAACCCT	novel-star	0	0	0	0	0	0	0	0	0
TTCCAAGACTTGTGAGGTTTGAAT	novel-star	0	0	0	0	0	0	0	0	0
TTGGATTCTCAATTTTGCGCCACT	novel-star	0	0	0	0	0	0	0	0	0
CCATTTTAGTCCTTTCCGTCAGTC	novel-star	0	0	0	0	0	0	0	0	0
CTTCGATCGATCGAGCCAGGCCGA	novel-star	0	0	0	0	0	0	0	0	0
CTTCGATCGATCGAGCCAGGCCG	novel-star	0	0	0	0	0	0	0	0	0
TCTTCGATCGATCGAGCCAGGCCG	novel-star	0	0	0	0	0	0	0	0	0
TTCTTCGATCGATCGAGCCAGGCC	novel-star	0	0	0	0	0	0	0	0	0
CCGTGAATGTGAAAAGAATGAGCA	novel-star	0	0	0	0	0	0	0	0	0
GGCAATACCGGCCGGTACCGGGCG	novel-star	0	0	0	0	0	0	0	0	0
GGGCAATACCGGCCGGTACCGGGC	novel-star	0	0	0	0	0	0	0	0	0
GACAGACTTGATGACTTCAACACT	novel-star	0	0	0	0	0	0	0	0	0
TTGGACAGACTTGATGACTTCAAC	novel-star	0	0	0	0	0	0	0	0	0
CTTGGACAGACTTGATGACTTCAA	novel-star	0	0	0	0	0	0	0	0	0
AACGGCCTGGCCAGCCTGGGACTT	novel-star	0	0	0	0	0	0	0	0	0
TAACGGCCTGGCCAGCCTGGGACT	novel-star	0	0	0	0	0	0	0	0	0
GGTTGCTTTGATATATCAGGAGTG	novel-star	0	0	0	0	0	0	0	0	0
ATTTCATTAGCGCTGCACTC	novel-star	0	0	0	0	0	0	0	0	0
AGGACCTATAGTGACGTTTTGTAA	novel-star	0	0	0	0	0	0	0	0	0
AAGGACCTATAGTGACGTTTTGTAA	novel-star	0	0	0	0	0	0	0	0	0
AATCTGTTTTTCGATCGATCGAAA	novel-star	0	0	0	0	0	0	0	0	0
ATTAGGCTTGGAGGGTCTCTTGCT	novel-star	0	0	0	0	0	0	0	0	0
GATTAGGCTTGGAGGGTCTCTTGCT	novel-star	0	0	0	0	0	0	0	0	0
TAGTTTGTGGCTTGAGATGGGACC	novel-star	0	0	0	0	0	0	0	0	0
TTAGTTTGTGGCTTGAGATGGGACC	novel-star	0	0	0	0	0	0	0	0	0
TTAGTTTGTGGCTTGAGATGGGAC	novel-star	0	0	0	0	0	0	0	0	0
TTTAGTTTGTGGCTTGAGATGGGA	novel-star	0	0	0	0	0	0	0	0	0
ATGCGGCGATTTCAACTTTTGACT	novel-star	0	0	0	0	0	0	0	0	0
AGTTCTTGGAGGCTTTAGAGC	novel-star	0	0	0	0	0	0	0	0	0
GTTCTTGGAGGCTTTAGAGCT	novel-star	0	0	0	0	0	0	0	0	0
GTTTTTAAGTCTCGATTTGTAAGT	novel-star	0	0	0	0	0	0	0	0	0
TTTGGAAACGCACTTGAATC	novel-star	0	0	0	0	0	0	0	0	0
TTGGAAACGCACTTGAATCG	novel-star	0	0	0	0	0	0	0	0	0
TTTGGAAACGCACTTGAATCGG	novel-star	0	0	0	0	0	0	0	0	0
TTGGAAACGCACTTGAATCGG	novel-star	0	0	0	0	0	0	0	0	0
AGGGTTTGACTTACTTCTAGTACT	novel-star	0	0	0	0	0	0	0	0	0
ACTATAGGTCCTTAAAACGTCACT	novel-star	0	0	0	0	0	0	0	0	0
GATGACCCTGTCCTCGGAGGACCG	novel-star	0	0	0	0	0	0	0	0	0
TTTTTTCCACGTGACGTCCACCTG	novel-star	0	0	0	0	0	0	0	0	0
GACACAACTGTCTCCATCTGGCCT	novel-star	0	0	0	0	0	0	0	0	0
GGGACTCCTAGGACACCGTCCGAG	novel-star	0	0	0	0	0	0	0	0	0
GGACTCCTAGGACACCGTCCGAGG	novel-star	0	0	0	0	0	0	0	0	0
GTGGGACTCCTAGGACACCGTCCG	novel-star	0	0	0	0	0	0	0	0	0
TGCATGGTCCTCGGACCCAAACCT	novel-star	0	0	0	0	0	0	0	0	0
TATTTTAGAGGTCGTCACATAAGA	novel-star	0	0	0	0	0	0	0	0	0
TGGTTCAACTGTTAATCTACTGGT	novel-star	0	0	0	0	0	0	0	0	0
CGTGGACTTGTTGAGGTGACTAAG	novel-star	0	0	0	0	0	0	0	0	0
TTTTCTTGGACAGACTTGATGACT	novel-star	0	0	0	0	0	0	0	0	0
TTCTTGGACAGACTTGATGACTTC	novel-star	0	0	0	0	0	0	0	0	0
GCATGGTCCTCGGACCCAAGCCT	novel-star	0	0	0	0	0	0	0	0	0
TGCATGGTCCTCGGACCCAAGCCT	novel-star	0	0	0	0	0	0	0	0	0
TTGGGTCTATAGGTCGTGTCAGATT	novel-star	0	0	0	0	0	0	0	0	0
ACAAATCACAGGTGGTTAGTTGTT	novel-star	0	0	0	0	0	0	0	0	0
GTTCCCTCGATCACTTCACT	novel-star	0	0	0	0	0	0	0	0	0
GTTCCCTCGATCACTTCACTG	novel-star	0	0	0	0	0	0	0	0	0
GTTCCCTTGAGCACTTCACC	novel-star	0	0	0	0	0	0	0	0	0
CTTAAGAGATCTGAGGCCGACCT	novel-star	0	0	0	0	0	0	0	0	0
CGGCCTGGCTCGATCGATCGAAG	novel-star	0	0	0	0	0	0	0	0	0
TCGGCCTGGCTCGATCGATCGAAG	novel-star	0	0	0	0	0	0	0	0	0
AAGGACCTATAGTGACATTTTCAG	novel-star	0	0	0	0	0	0	0	0	0
AGGACCTATAGTGACATTTTCAGG	novel-star	0	0	0	0	0	0	0	0	0
TCATTCCACTAAAAAACTTCCACT	novel-star	0	0	0	0	0	0	0	0	0
GAGAGAGAGAGAGATAACGAGACT	novel-star	0	0	0	0	0	0	0	0	0
GGTGCATTTCGGCCTGGCTCGATC	novel-star	0	0	0	0	0	0	0	0	0
ATGGGTTGGGTTCAAGTTACACCT	novel-star	0	0	0	0	0	0	0	0	0
GTCCGAAGAGAGCGTCAGTAGTCCG	novel-star	0	0	0	0	0	0	0	0	0
AAGGAAATTGCAACTGAATGCA	novel-star	0	0	0	0	0	0	0	0	0
AGCCAGCAGCCGCCGTGTGATGCG	novel-star	0	0	0	0	0	0	0	0	0
AGGAGAGAGATTGAATTTCGGCAA	novel-star	0	0	0	0	0	0	0	0	0
GGAGAGAGATTGAATTTCGGCAAC	novel-star	0	0	0	0	0	0	0	0	0
TGAGGAGAGAGATTGAATTTCGGC	novel-star	0	0	0	0	0	0	0	0	0
CTAAAACTCGAGTTCCAAGATAAA	novel-star	0	0	0	0	0	0	0	0	0
CATGATCCTTCAACCCTAACCCGA	novel-star	0	0	0	0	0	0	0	0	0
TCTCGCGATTGGACCTTCCACCCG	novel-star	0	0	0	0	0	0	0	0	0
TCCTTAAAACGTCACTATAGGCT	novel-star	0	0	0	0	0	0	0	0	0
CCTTAAAACGTCACTATAGGCTCC	novel-star	0	0	0	0	0	0	0	0	0
TTATTAACAACTGCAAGGAGCCT	novel-star	0	0	0	0	0	0	0	0	0
TTTCCAATAAGGCTTGTAACAGT	novel-star	0	0	0	0	0	0	0	0	0
AATAACAACTAACCACCTGTGATT	novel-star	0	0	0	0	0	0	0	0	0
AACCAATAACAACTAACCACCTGT	novel-star	0	0	0	0	0	0	0	0	0
TTTCAGTTTCCATAACTCATAACT	novel-star	0	0	0	0	0	0	0	0	0
TTTTTAAGGACCTATAGTGACATT	novel-star	0	0	0	0	0	0	0	0	0
AAGTCCTTTTGTATGAATTTCGAT	novel-star	0	0	0	0	0	0	0	0	0
ATTTTAGGCAAATTCTACTCTACT	novel-star	0	0	0	0	0	0	0	0	0
ATCCATTTAAAGAAAGTTTTTATG	novel-star	0	0	0	0	0	0	0	0	0
AGCTGTCTCCATCCTGTCCTGACT	novel-star	0	0	0	0	0	0	0	0	0
CTTAGGGCACTGGTTAATAATCCA	novel-star	0	0	0	0	0	0	0	0	0
ACCTATGATTTGTTGTAAAAATGT	novel-star	0	0	0	0	0	0	0	0	0
ACCTATGATTTGTTGTAAAAATG	novel-star	0	0	0	0	0	0	0	0	0
CACCTATGATTTGTTGTAAAAATG	novel-star	0	0	0	0	0	0	0	0	0
ATGTGAGAAGCACATGACTGGAAG	novel-star	0	0	0	0	0	0	0	0	0
TTCATGGAGATCGAGTTACAAAAC	novel-star	0	0	0	0	0	0	0	0	0
ATTGTAAGGGTAGTGTGTGAGAAG	novel-star	0	0	0	0	0	0	0	0	0
ACAAAGGATTTCTAACAAGCT	novel-star	0	0	0	0	0	0	0	0	0
CTAATTTTGGGCCAAATTTACTCT	novel-star	0	0	0	0	0	0	0	0	0
AGCCACATGATTGAATCTTAAGAG	novel-star	0	0	0	0	0	0	0	0	0
TTCTTTAATTGGATTGTTAACCAAT	novel-star	0	0	0	0	0	0	0	0	0
AGTCTAATTTTCGATCGATCGAGCT	novel-star	0	0	0	0	0	0	0	0	0
CAACAAATCATAAGTGACAGGTT	novel-star	0	0	0	0	0	0	0	0	0
TGCATGGTCCTCGGACTCAGGCCT	novel-star	0	0	0	0	0	0	0	0	0
ACTGCATGGTCCTCGGACTCAGGC	novel-star	0	0	0	0	0	0	0	0	0
ACACAGCTGTCTCCACCTGGCCTG	novel-star	0	0	0	0	0	0	0	0	0
CTTGACCTCGCGGCTTGTCCAAGT	novel-star	0	0	0	0	0	0	0	0	0
TTGACCTCGCGGCTTGTCCAAGTC	novel-star	0	0	0	0	0	0	0	0	0
AGGTGGCTTAGCAGGTCAGAGAAG	novel-star	0	0	0	0	0	0	0	0	0
TGGCTTAGCAGGTCAGAGAAGACA	novel-star	0	0	0	0	0	0	0	0	0
TTGTTATTGTTGGGGCAAAAAAGT	novel-star	0	0	0	0	0	0	0	0	0
TGTTATTGTTGGGGCAAAAAAGT	novel-star	0	0	0	0	0	0	0	0	0
ACTGATTGATGTCTTGGTTTGATG	novel-star	0	0	0	0	0	0	0	0	0
AGTCCTCGGACCAGATGATTCGGG	novel-star	0	0	0	0	0	0	0	0	0
AGTCCTCGGACCAGATGATATGAG	novel-star	0	0	0	0	0	0	0	0	0
AAGCGTGCGAGAAGATGAACAGTC	novel-star	0	0	0	0	0	0	0	0	0
GAAGCGTGCGAGAAGATGAACAGT	novel-star	0	0	0	0	0	0	0	0	0
TGGCCTGGCTCGATCGATCGAAGA	novel-star	0	0	0	0	0	0	0	0	0
GGCTTTAGGCGAGATCGGCTTCAG	novel-star	0	0	0	0	0	0	0	0	0
AAATTTGTATATTGGGCCTTGGGC	novel-star	0	0	0	0	0	0	0	0	0
AGTCAATATCGTTCCGGATGGTGT	novel-star	0	0	0	0	0	0	0	0	0
ATTTAAGATTTCTAGGAATGAACC	novel-star	0	0	0	0	0	0	0	0	0
TTGAACTAATAACAACTAACCACC	novel-star	0	0	0	0	0	0	0	0	0
AACGCCACTATAGATCCTTAAAAC	novel-star	0	0	0	0	0	0	0	0	0
AGTAGTCTTGTCATATCTTGGTCT	novel-star	0	0	0	0	0	0	0	0	0
GAGTAGTCTTGTCATATCTTGGTC	novel-star	0	0	0	0	0	0	0	0	0
CTTGGGCTGAGTTGGAAAATTCT	novel-star	0	0	0	0	0	0	0	0	0
CACTTGTTTAAAATTGTTAGTTAG	novel-star	0	0	0	0	0	0	0	0	0
ATCGTATGTAGGATCGTGTAAGAT	novel-star	0	0	0	0	0	0	0	0	0
AGTCCTCGGACCAGATGATATGGG	novel-star	0	0	0	0	0	0	0	0	0
TTGGCCTCGCGGCTTGTCCAAGTC	novel-star	0	0	0	0	0	0	0	0	0
CTAATTTTGGGCCAAATCTACTCT	novel-star	0	0	0	0	0	0	0	0	0
AATTTCGTCACTAAAGGTCCTTAG	novel-star	0	0	0	0	0	0	0	0	0
AGGAGTCCCACATCGAAGGAAAAC	novel-star	0	0	0	0	0	0	0	0	0
TAGGAGTCCCACATCGAAGGAAAA	novel-star	0	0	0	0	0	0	0	0	0
CTAGGAGTCCCACATCGAAGGAAA	novel-star	0	0	0	0	0	0	0	0	0
TATTGTATCCGAGGCATTTAG	novel-star	0	0	0	0	0	0	0	0	0
CGAACCGACCGAACCGAACCGAAA	novel-star	0	0	0	0	0	0	0	0	0
GCAATTCTGACTGACTCGATCGAT	novel-star	0	0	0	0	0	0	0	0	0
AGGTGATATGAGAATACGAAGAGA	novel-star	0	0	0	0	0	0	0	0	0
TTTGGATCATTCATATTTTTGAAA	novel-star	0	0	0	0	0	0	0	0	0
GCGAGATACTCGCGAGATACAGC	novel-star	0	0	0	0	0	0	0	0	0
ACTAGGAGAGGGAGAGTGAGTCTC	novel-star	0	0	0	0	0	0	0	0	0
ACCCTATAGTGACGTTTTGTAACT	novel-star	0	0	0	0	0	0	0	0	0
ACCCTGGACCAGTTGACTTTGACT	novel-star	0	0	0	0	0	0	0	0	0
GATTAGGGTGCTGGCCGGCGCACC	novel-star	0	0	0	0	0	0	0	0	0
CCTAGGACGTTGCAAAGCATGCC	novel-star	0	0	0	0	0	0	0	0	0
ATCGGAGTATAACTACAAAATGGT	novel-star	0	0	0	0	0	0	0	0	0
TTCAGAGGAGTCGATTTTACTGTT	novel-star	0	0	0	0	0	0	0	0	0
TAAGGTTACAGAATGACAAAC	novel-star	0	0	0	0	0	0	0	0	0
CGAGGACTACAGGCATGATTGGAT	novel-star	0	0	0	0	0	0	0	0	0
CTTCCCTACTCCGCCCATGCCA	novel-star	0	0	0	0	0	0	0	0	0
TCTGAGCCAAGGATTACAAGCAAG	novel-star	0	0	0	0	0	0	0	0	0
ACAGGTGGTTAGTTGTTATTGGTT	novel-star	0	0	0	0	0	0	0	0	0
TTTCGATCGATCGAAAAAGTGCCT	novel-star	0	0	0	0	0	0	0	0	0
TTTTCGATCGATCGAAAAAGTGCC	novel-star	0	0	0	0	0	0	0	0	0
CTGCTCCGGGCTCTCACAAAG	novel-star	0	0	0	0	0	0	0	0	0
GGAACTGACATGACGTGGATATGT	novel-star	0	0	0	0	0	0	0	0	0
TACGGCCCACCATTGCTCTGCGAT	novel-star	0	0	0	0	0	0	0	0	0
GTCCTAGGCATGCTTGGCAACGTC	novel-star	0	0	0	0	0	0	0	0	0
ATGGGAAATGTTAACGAGTGCCGT	novel-star	0	0	0	0	0	0	0	0	0
AGTCTAATTTTTGATCGATCGAGC	novel-star	0	0	0	0	0	0	0	0	0
AGCAAATCAGAGTCTTGGCCT	novel-star	0	0	0	0	0	0	0	0	0
TGTCCAAGTCGCGAGTTCAAGTCG	novel-star	0	0	0	0	0	0	0	0	0
CCATTTTGGTCGGTTTCGGTTGAG	novel-star	0	0	0	0	0	0	0	0	0
AACAAATTATAGGTGGTTAGTTGT	novel-star	0	0	0	0	0	0	0	0	0
ATTTTCGGATTGTCATAGTTTACT	novel-star	0	0	0	0	0	0	0	0	0
CACTGGTTAATAATCTATTTAAAG	novel-star	0	0	0	0	0	0	0	0	0
ATAATAAATCTCACGACTTCTATT	novel-star	0	0	0	0	0	0	0	0	0
AGGTTGCTTTGATATATCAGGAGT	novel-star	0	0	0	0	0	0	0	0	0
GTTTTCCTTCGATGTGGGACTCCT	novel-star	0	0	0	0	0	0	0	0	0
CTCACATGAATGGTAGATCCCACT	novel-star	0	0	0	0	0	0	0	0	0
ATTCCGGAAGTATACTCTCCCCTC	novel-star	0	0	0	0	0	0	0	0	0
TGTGACCATTATGAATTCAGCATT	novel-star	0	0	0	0	0	0	0	0	0
TTATTATTGTTGGGGCAAAAAAGT	novel-star	0	0	0	0	0	0	0	0	0
ACTGGTTATTATTGTTGGGGCAAA	novel-star	0	0	0	0	0	0	0	0	0
TCATTAAATTCAGGCGGCTCTGTG	novel-star	0	0	0	0	0	0	0	0	0
ATTAAATTCAGGCGGCTCTGTGCT	novel-star	0	0	0	0	0	0	0	0	0
TAAATTCAGGCGGCTCTGTGCTCC	novel-star	0	0	0	0	0	0	0	0	0
TTTAGAGGTCGTCACATAAGAGAA	novel-star	0	0	0	0	0	0	0	0	0
ATTTTAGAGGTCGTCACATAAGA	novel-star	0	0	0	0	0	0	0	0	0
ATCAGGAGCGAACGCCATAAGTT	novel-star	0	0	0	0	0	0	0	0	0
ATGAGCAAGTGGATGAAGAGTACC	novel-star	0	0	0	0	0	0	0	0	0
AATAACAACTAACCACCTGTAATT	novel-star	0	0	0	0	0	0	0	0	0
ATGCCTAGGACGTTGCGAAGCCGT	novel-star	0	0	0	0	0	0	0	0	0
AGGACCCACCATTTATGTGAGAGG	novel-star	0	0	0	0	0	0	0	0	0
AATGGTAGACAAGTGACGTGGTCT	novel-star	0	0	0	0	0	0	0	0	0
ATAAGTGGTTAGTTGTTATTGGTT	novel-star	0	0	0	0	0	0	0	0	0
CAGGGCTGATTGGCGGCTTGACCT	novel-star	0	0	0	0	0	0	0	0	0
ACAGGGCTGATTGGCGGCTTGACC	novel-star	0	0	0	0	0	0	0	0	0
AATGCTAACGAGTGCCCTTAGGAC	novel-star	0	0	0	0	0	0	0	0	0
ACGCATTTATGGTATTCCGGGAGT	novel-star	0	0	0	0	0	0	0	0	0
AGTGGCAGGTTGTTACTGGTTGTT	novel-star	0	0	0	0	0	0	0	0	0
GAGTGGATTGAAGGTTTAGGCGCT	novel-star	0	0	0	0	0	0	0	0	0
CAATTCAAGGAGGAACTGTCACCT	novel-star	0	0	0	0	0	0	0	0	0
AATTCAAGGAGGAACTGTCACCT	novel-star	0	0	0	0	0	0	0	0	0
AATTCAAGGAGGAACTGTCACCTC	novel-star	0	0	0	0	0	0	0	0	0
TGGACTTGCGTATCTTTCTCA	novel-star	0	0	0	0	0	0	0	0	0
AACGTGAGAGCAGCAGCATTAAAC	novel-star	0	0	0	0	0	0	0	0	0
TTAGTGTTAGTTTCAAATTTGAAC	novel-star	0	0	0	0	0	0	0	0	0
AACGTCACTATAGGTCCTTAAAAC	novel-star	0	0	0	0	0	0	0	0	0
AAAACGTCACTATAGGTCCTTAAA	novel-star	0	0	0	0	0	0	0	0	0
AATTTTGTGCTAAATCTACTCTACT	novel-star	0	0	0	0	0	0	0	0	0
CATAAAAACTTTCTTTAAATGGAT	novel-star	0	0	0	0	0	0	0	0	0
CCACTTAGAATTTGTTGTAAAAAT	novel-star	0	0	0	0	0	0	0	0	0
GAGGCTGGAGGATAAGGCTATGGC	novel-star	0	0	0	0	0	0	0	0	0
TAACAAATCGAGTCCAGAGGACT	novel-star	0	0	0	0	0	0	0	0	0
ACAACTAACCACCTGTGATTTGT	novel-star	0	0	0	0	0	0	0	0	0
AACAACTAACCACCTGTGATTTGT	novel-star	0	0	0	0	0	0	0	0	0
ACAGAATGTCTCGCAGGTGTCTCG	novel-star	0	0	0	0	0	0	0	0	0
GAGGGGGAGTAGAGTACATAAAC	novel-star	0	0	0	0	0	0	0	0	0
CAAAAGGGGATCTGCAGATACAAC	novel-star	0	0	0	0	0	0	0	0	0
CGAAGATCCGTACATCCTAGGTAC	novel-star	0	0	0	0	0	0	0	0	0
TTGGTGTCTTGGTCTGATGATAAA	novel-star	0	0	0	0	0	0	0	0	0
GATTGGTGTCTTGGTCTGATGATA	novel-star	0	0	0	0	0	0	0	0	0
CTATAGTGACATTTTAAGGACCT	novel-star	0	0	0	0	0	0	0	0	0
ACTGGTTGTTATTGTTGGGACAAA	novel-star	0	0	0	0	0	0	0	0	0
AAGTGTGTGGTACTAGAATTATTC	novel-star	0	0	0	0	0	0	0	0	0
GTTTGTGTTTTGTCACGGATTGCC	novel-star	0	0	0	0	0	0	0	0	0
ACTGGTTGTTATTGTTGGGGCAAA	novel-star	0	0	0	0	0	0	0	0	0
ACGCATATTGCTACAACTTACTTG	novel-star	0	0	0	0	0	0	0	0	0
ATAGGCATTCACTCTGACAGGTAG	novel-star	0	0	0	0	0	0	0	0	0
GTGGTACTCGAGCTTGGTAAACTC	novel-star	0	0	0	0	0	0	0	0	0
AGTGGTACTCGAGCTTGGTAAACT	novel-star	0	0	0	0	0	0	0	0	0
AAGTGGTACTCGAGCTTGGTAAAC	novel-star	0	0	0	0	0	0	0	0	0
AACTGATTGGTGTCTTGGTTTGAT	novel-star	0	0	0	0	0	0	0	0	0
AGGTTGTTACTGGTTGTTATTGTT	novel-star	0	0	0	0	0	0	0	0	0
GGGTTGTCCGGGTTGTCGGGCTCC	novel-star	0	0	0	0	0	0	0	0	0
GCTCTAATTACGTGCTTCGGGACT	novel-star	0	0	0	0	0	0	0	0	0
ATGGGCCTTGGGCCTGCTACCCGA	novel-star	0	0	0	0	0	0	0	0	0
ACAATAAATTTGTAGAGAGTGAGT	novel-star	0	0	0	0	0	0	0	0	0
CAATAAATTTGTAGAGAGTGAGT	novel-star	0	0	0	0	0	0	0	0	0
CAATAAATTTGTAGAGAGTGAGTT	novel-star	0	0	0	0	0	0	0	0	0
ACTGGTTGTTATTGTTAGGGCAAA	novel-star	0	0	0	0	0	0	0	0	0
AAATAGTGTTTGAGCTTGAGCTT	novel-star	0	0	0	0	0	0	0	0	0
AAAAATAGTGTTTGAGCTTGAGCT	novel-star	0	0	0	0	0	0	0	0	0
GACGTTGCCAAGCATGCCTAGGAC	novel-star	0	0	0	0	0	0	0	0	0
ACCGACCGAACCGAACCGAAATAT	novel-star	0	0	0	0	0	0	0	0	0
CGAGATACTCGCGAGAGACAGCTG	novel-star	0	0	0	0	0	0	0	0	0
AGTAAGTAGTAGTGGAGAGTA	novel-star	0	0	0	0	0	0	0	0	0
ACCTGCCACTTAGAATTTGTTGTA	novel-star	0	0	0	0	0	0	0	0	0
AACCTGCCACTTAGAATTTGTTGT	novel-star	0	0	0	0	0	0	0	0	0
ACTGGAGCGGGCCACATGAGTTTG	novel-star	0	0	0	0	0	0	0	0	0
GAAATATCTAAAGGAAAAGCTGCT	novel-star	0	0	0	0	0	0	0	0	0
CACTTCTTCACTTGATTCTTGGAC	novel-star	0	0	0	0	0	0	0	0	0
CTTCTTCACTTGATTCTTGGACAG	novel-star	0	0	0	0	0	0	0	0	0
CAAAAGGGGATCTGCAGATACAACT	novel-star	0	0	0	0	0	0	0	0	0
AAAAGGGGATCTGCAGATACAACT	novel-star	0	0	0	0	0	0	0	0	0
GGCATGCTTGGCAACGTCCTCGGA	novel-star	0	0	0	0	0	0	0	0	0
AGTGAATCTGTGTTGATCGGAGCT	novel-star	0	0	0	0	0	0	0	0	0
CTAATTTTTGATCGATTGAGCCT	novel-star	0	0	0	0	0	0	0	0	0
CTTCCGCAAATCTTCCATTTCT	novel-star	0	0	0	0	0	0	0	0	0
ATGCTGAAAGATGTGCCTGACT	novel-star	0	0	0	0	0	0	0	0	0
GAATGAGGATTGGGCCCAATGACC	novel-star	0	0	0	0	0	0	0	0	0
CTAATTTTCGATCGATCAAGCCT	novel-star	0	0	0	0	0	0	0	0	0
TCTAATTTTCGATCGATCAAGCCT	novel-star	0	0	0	0	0	0	0	0	0
GTCTAATTTTCGATCGATCAAGCC	novel-star	0	0	0	0	0	0	0	0	0
AAAACGTCACTATAGGTCCTGAAA	novel-star	0	0	0	0	0	0	0	0	0
AACAACTAACCACTTGTGATTTGT	novel-star	0	0	0	0	0	0	0	0	0
CTCCACCTGGCCTGACTCTTCGCA	novel-star	0	0	0	0	0	0	0	0	0
ATTTGAGAGCGTACTGTAGCATGT	novel-star	0	0	0	0	0	0	0	0	0
TATTTGAGAGCGTACTGTAGCATG	novel-star	0	0	0	0	0	0	0	0	0
TTTGAGAGCGTACTGTAGCATGTC	novel-star	0	0	0	0	0	0	0	0	0
GTAAGGGTTCAACTGTAGGTTGGT	novel-star	0	0	0	0	0	0	0	0	0
AGTCTAGAAGGTTGGAGAATGGCA	novel-star	0	0	0	0	0	0	0	0	0
AATTTTGGGCCAATTCTACTCTAC	novel-star	0	0	0	0	0	0	0	0	0
TACAACAAATCTTAAGTGGCAGGT	novel-star	0	0	0	0	0	0	0	0	0
AGTTAGGGCTGAGTTGGAAAAACT	novel-star	0	0	0	0	0	0	0	0	0
TAGACTTTTTAGACTCACCCTACC	novel-star	0	0	0	0	0	0	0	0	0
CGAGCCCAATGAACCCAAGACAAT	novel-star	0	0	0	0	0	0	0	0	0
GTCTTGATTTGATGATAAAGAGCT	novel-star	0	0	0	0	0	0	0	0	0
TTGTTTGGGCTTGTTGGGCTGAAA	novel-star	0	0	0	0	0	0	0	0	0
ATTGTTTGGGCTTGTTGGGCTGAA	novel-star	0	0	0	0	0	0	0	0	0
GTTTGGGCTTGTTGGGCTGAAAAC	novel-star	0	0	0	0	0	0	0	0	0
TTTGGGCTTGTTGGGCTGAAAACC	novel-star	0	0	0	0	0	0	0	0	0
AGTGGCAGGTTGTTATTGGTTGTT	novel-star	0	0	0	0	0	0	0	0	0
CATTTCGGCCTGGCTCGATCGATC	novel-star	0	0	0	0	0	0	0	0	0
ATTCTACTGAGAGACTCTTACTTG	novel-star	0	0	0	0	0	0	0	0	0
ATGTTGCCAAGCATGCCTGAGGAC	novel-star	0	0	0	0	0	0	0	0	0
AAGGACTTGGCGGCGGCGATCGAG	novel-star	0	0	0	0	0	0	0	0	0
ATAGGGCTGGGTTCAAGTTACACC	novel-star	0	0	0	0	0	0	0	0	0
CGTGGCACTGACCTGAAATTTAAG	novel-star	0	0	0	0	0	0	0	0	0
CTCTCAAAATTCTCTCTGGAAGCT	novel-star	0	0	0	0	0	0	0	0	0
TGTAGGGACCCAGTTTGGATTGAC	novel-star	0	0	0	0	0	0	0	0	0
GTACAGGCTGGCAGAACAGATTGC	novel-star	0	0	0	0	0	0	0	0	0
GTGGAGAAGACCCTTGAACAGTGT	novel-star	0	0	0	0	0	0	0	0	0
TGTGGAGAAGACCCTTGAACAGTG	novel-star	0	0	0	0	0	0	0	0	0
ATGTGGAGAAGACCCTTGAACAGT	novel-star	0	0	0	0	0	0	0	0	0
AATCTTAGACAAAAGTTGTTGA	novel-star	0	0	0	0	0	0	0	0	0
TGTTACTGGTTATTATTGTTGGGGC	novel-star	0	0	0	0	0	0	0	0	0
CTGCCACTTAGGATTTGTTGTAAA	novel-star	0	0	0	0	0	0	0	0	0
CACTTAGGATTTGTTGTAAAATT	novel-star	0	0	0	0	0	0	0	0	0
GTGTGTTGTCCGTGTGTTTGCATC	novel-star	0	0	0	0	0	0	0	0	0
TATCACAAAAGTTCGTTTTTCGTC	novel-star	0	0	0	0	0	0	0	0	0
CTATCACAAAAGTTCGTTTTTCGT	novel-star	0	0	0	0	0	0	0	0	0
ATCACAAAAGTTCGTTTTTCGTCC	novel-star	0	0	0	0	0	0	0	0	0
TCACAAAAGTTCGTTTTTCGTCCC	novel-star	0	0	0	0	0	0	0	0	0
TAATCTGGTTGGTTTAAGGGGTCT	novel-star	0	0	0	0	0	0	0	0	0
AACCTGTCACTTAGAATTTGTTGT	novel-star	0	0	0	0	0	0	0	0	0
AGAGTAGAGTAAAGTAGATTTAGC	novel-star	0	0	0	0	0	0	0	0	0
AAATGGGTTGGGTGTGTAATTACC	novel-star	0	0	0	0	0	0	0	0	0
CGGAGGGACGAAAATCAATACGTT	novel-star	0	0	0	0	0	0	0	0	0
ACTGATTGGTGTCTTGGTTTGATG	novel-star	0	0	0	0	0	0	0	0	0
CGGATTTACTCCTTTGACCCGGAA	novel-star	0	0	0	0	0	0	0	0	0
TTGGTTGACCGAGGACAGGATTGT	novel-star	0	0	0	0	0	0	0	0	0
AGGACAAAACTTAGGTACAGTACC	novel-star	0	0	0	0	0	0	0	0	0
AGTTTGTCAAATTCGAGTTCAAAG	novel-star	0	0	0	0	0	0	0	0	0
AACAAACTTGACGAATCTTTGCCT	novel-star	0	0	0	0	0	0	0	0	0
CGATTTTGTGAAACTTGAGTACTA	novel-star	0	0	0	0	0	0	0	0	0
GGAGTCGATTTTACTGTTCATATC	novel-star	0	0	0	0	0	0	0	0	0
GAGAAATGCTAACGAGTGCCCTT	novel-star	0	0	0	0	0	0	0	0	0
CTTTACTTGTAATTGGGTAGATCT	novel-star	0	0	0	0	0	0	0	0	0
TCTCCAAACAAAGGTGTAGGTCCT	novel-star	0	0	0	0	0	0	0	0	0
GATGGATAGTAGTTAGGATTGAAT	novel-star	0	0	0	0	0	0	0	0	0
GATGGATAGTAGTTAGGATTGAATT	novel-star	0	0	0	0	0	0	0	0	0
GCAGCTCTGACTTGGTTATCAGGT	novel-star	0	0	0	0	0	0	0	0	0
GACAATCATACTGTAGCTAGTCCT	novel-star	0	0	0	0	0	0	0	0	0
TGTGGTCCGAGGACCTGACATGAC	novel-star	0	0	0	0	0	0	0	0	0
ATGACCAAAATACCCTCGAAACCT	novel-star	0	0	0	0	0	0	0	0	0
ATTGGGTAGATCTAAGATGAGTTT	novel-star	0	0	0	0	0	0	0	0	0
CGAGGACTTCAGACATGATTGGA	novel-star	0	0	0	0	0	0	0	0	0
ATCTTGTCATCGTCAGTAACTTAC	novel-star	0	0	0	0	0	0	0	0	0
GGGATCTTGTCATCGTCAGTAACT	novel-star	0	0	0	0	0	0	0	0	0
TGGGCAATTAGTCCTTTGGCAGT	novel-star	0	0	0	0	0	0	0	0	0
TCGATTTTACTGTTCATATCGCCT	novel-star	0	0	0	0	0	0	0	0	0
TTTCTTGGACAGACTTGATGACT	novel-star	0	0	0	0	0	0	0	0	0
TTTTTCTTGGACAGACTTGATGAC	novel-star	0	0	0	0	0	0	0	0	0
TCTTGGACAGACTTGATGACTTCA	novel-star	0	0	0	0	0	0	0	0	0
ATAGTAGGATACTCTTAATAAAAG	novel-star	0	0	0	0	0	0	0	0	0
TCAGAGACCTAGGATTTTTGGATC	novel-star	0	0	0	0	0	0	0	0	0
TACCTCTCACATAATGGCGGGTCC	novel-star	0	0	0	0	0	0	0	0	0
CACAGGTTGAATTTTCTGCAGAAT	novel-star	0	0	0	0	0	0	0	0	0
GTCCTGAAAACGTCACTATAGGCT	novel-star	0	0	0	0	0	0	0	0	0
GAGATGATTCAAGTTGGGCTGGAA	novel-star	0	0	0	0	0	0	0	0	0
AACCCCGTCCGTTGGATCAATAGC	novel-star	0	0	0	0	0	0	0	0	0
ACCCCGTCCGTTGGATCAATAGCC	novel-star	0	0	0	0	0	0	0	0	0
AACCTTTGTAGTTGTAGACTGGGG	novel-star	0	0	0	0	0	0	0	0	0
ACTTCTTGGGTCTTGAAATCACTC	novel-star	0	0	0	0	0	0	0	0	0
CATTTCGGCCTGGCTCAATCGATC	novel-star	0	0	0	0	0	0	0	0	0
GTCCTCGGACCAGATGATTTGGGT	novel-star	0	0	0	0	0	0	0	0	0
AGGTGGGCAGACTGCCAAGTG	novel-star	0	0	0	0	0	0	0	0	0
GCTCGAACGTATCGATTGACGATG	novel-star	0	0	0	0	0	0	0	0	0
CCAGATGATTTGGGTTAGTTAACA	novel-star	0	0	0	0	0	0	0	0	0
TTTGTAGGGTTTCTCTCCAAACT	novel-star	0	0	0	0	0	0	0	0	0
ATCTTGTTTTTCTCTAGGGTTTCT	novel-star	0	0	0	0	0	0	0	0	0
GTCAATCTTGTTTTTCTCTAGGGT	novel-star	0	0	0	0	0	0	0	0	0
TAAATCCATTCATGCCTGTAGTC	novel-star	0	0	0	0	0	0	0	0	0
TAAATCCATTCATGCCTGTAGTCC	novel-star	0	0	0	0	0	0	0	0	0
TAAATCCATTCATGCCTGTAGTCCT	novel-star	0	0	0	0	0	0	0	0	0
CTTGGCCTGAAGAAAATTGATTCT	novel-star	0	0	0	0	0	0	0	0	0
ATTGGTGCATTTCGGCCTGGCTCG	novel-star	0	0	0	0	0	0	0	0	0
GGACAGACTTGATGACTTCAACAC	novel-star	0	0	0	0	0	0	0	0	0
GGACAGACTTGATGACTTCAACACT	novel-star	0	0	0	0	0	0	0	0	0
ACAGACTTGATGACTTCAACACT	novel-star	0	0	0	0	0	0	0	0	0
ACAGACTTGATGACTTCAACACTT	novel-star	0	0	0	0	0	0	0	0	0
CTTGGACAGACTTGATGACTTCAAC	novel-star	0	0	0	0	0	0	0	0	0
AATTTGAGCCAAGGATGACTT	novel-star	0	0	0	0	0	0	0	0	0
AACAACTAACCACCTATGATTTGT	novel-star	0	0	0	0	0	0	0	0	0
AACTAACCACCTATGATTTGTTGT	novel-star	0	0	0	0	0	0	0	0	0
GTTGCTTTGATATATCAGGAGTGA	novel-star	0	0	0	0	0	0	0	0	0
TAGGTTGCTTTGATATATCAGGAG	novel-star	0	0	0	0	0	0	0	0	0
AATAAGAAGTCGAGCGTGGGGGCT	novel-star	0	0	0	0	0	0	0	0	0
CAATAAGAAGTCGAGCGTGGGGGC	novel-star	0	0	0	0	0	0	0	0	0
CTAATTTTGGGCCAACTCTACTCT	novel-star	0	0	0	0	0	0	0	0	0
CTATTTGTGGCCGAGGAGTAAGAC	novel-star	0	0	0	0	0	0	0	0	0
GCGAGATACTCGCGAGACACAGCT	novel-star	0	0	0	0	0	0	0	0	0
AGATACTCGCGAGACACAGCTGTC	novel-star	0	0	0	0	0	0	0	0	0
GATTAGGCTTGGAGGGTCTCTTGC	novel-star	0	0	0	0	0	0	0	0	0
ATCGTGTAGCAGGCCCAAGGCCCA	novel-star	0	0	0	0	0	0	0	0	0
CATCGTGTAGCAGGCCCAAGGCCC	novel-star	0	0	0	0	0	0	0	0	0
CCATCGTGTAGCAGGCCCAAGGCC	novel-star	0	0	0	0	0	0	0	0	0
TCGGACCAGATGATTTGGGTTAGT	novel-star	0	0	0	0	0	0	0	0	0
ACTAACCCAAATCATCTGGTCCGA	novel-star	0	0	0	0	0	0	0	0	0
AACTAACCCAAATCATCTGGTCCG	novel-star	0	0	0	0	0	0	0	0	0
TAACTAACCCAAATCATCTGGTC	novel-star	0	0	0	0	0	0	0	0	0
TTTTAAGGAGCCTATAGTGACATT	novel-star	0	0	0	0	0	0	0	0	0
ACAGGTTGATTATTCTGCAGAATT	novel-star	0	0	0	0	0	0	0	0	0
TTAATGCTAACAAGATTCAAGACT	novel-star	0	0	0	0	0	0	0	0	0
AATGCTAACAAGATTCAAGACTTT	novel-star	0	0	0	0	0	0	0	0	0
AGTTTCCACTGGACACGTTGGATG	novel-star	0	0	0	0	0	0	0	0	0
TCTCATGTGTGTTTGGTTGGAGGG	novel-star	0	0	0	0	0	0	0	0	0
AGCTGCGGAGCGGAGCTTTGGATC	novel-star	0	0	0	0	0	0	0	0	0
TCACTTGATTCTTGGACAGACTTG	novel-star	0	0	0	0	0	0	0	0	0
TCTTAGGCCGCGTTTGAAAAGTGC	novel-star	0	0	0	0	0	0	0	0	0
ATTTTCGATCGATCGAGCCTTGTA	novel-star	0	0	0	0	0	0	0	0	0
ACCCATATCATCTGGTCCGAGGAC	novel-star	0	0	0	0	0	0	0	0	0
TTCAAATTTGAACCAATAACAACT	novel-star	0	0	0	0	0	0	0	0	0
AATTTGAACCAATAACAACTAACT	novel-star	0	0	0	0	0	0	0	0	0
TTTCAAATTTGAACCAATAACAACT	novel-star	0	0	0	0	0	0	0	0	0
CTGGTCCGAGGACTACAGGCATGA	novel-star	0	0	0	0	0	0	0	0	0
CTGGTCCGAGGACTACAGGCATG	novel-star	0	0	0	0	0	0	0	0	0
TCTGGTCCGAGGACTACAGGCATG	novel-star	0	0	0	0	0	0	0	0	0
ATCTGGTCCGAGGACTACAGGCAT	novel-star	0	0	0	0	0	0	0	0	0
TCCGAGGACTACAGGCATGAATGG	novel-star	0	0	0	0	0	0	0	0	0
CCGAGGACTACAGGCATGAATGG	novel-star	0	0	0	0	0	0	0	0	0
AGTTGTAGTTTTTTCGGTGTCACT	novel-star	0	0	0	0	0	0	0	0	0
CTTGGAAATCGAGTCTCTAAGACT	novel-star	0	0	0	0	0	0	0	0	0
AGAGAGAGAGAGAGAGAGAGATT	novel-star	0	0	0	0	0	0	0	0	0
GAGAGAGAGAGAGAGAGAGAGATT	novel-star	0	0	0	0	0	0	0	0	0
AGAGAGAGAGAGAGAGAGAGAGAT	novel-star	0	0	0	0	0	0	0	0	0
ATGGCTTGGGCTTGCACTTGGAAG	novel-star	0	0	0	0	0	0	0	0	0
AATGGCTTGGGCTTGCACTTGGAA	novel-star	0	0	0	0	0	0	0	0	0
ATCTGGTCCGAGGACTTTAGGCAT	novel-star	0	0	0	0	0	0	0	0	0
CTTCAACACTTGATCTTGAAACCT	novel-star	0	0	0	0	0	0	0	0	0
GACTTCAACACTTGATCTTGAAAC	novel-star	0	0	0	0	0	0	0	0	0
AACACTACTTTACTCCCCTCCACT	novel-star	0	0	0	0	0	0	0	0	0
CTTTGATATATCAGGAGTGAGATC	novel-star	0	0	0	0	0	0	0	0	0
TTTGATATATCAGGAGTGAGATCT	novel-star	0	0	0	0	0	0	0	0	0
TCAGGATTGGCTGGCGTAAAACAC	novel-star	0	0	0	0	0	0	0	0	0
TACTATCACAAATTGAGTCCGACT	novel-star	0	0	0	0	0	0	0	0	0
ATCACAAATTGAGTCCGACTATAT	novel-star	0	0	0	0	0	0	0	0	0
AAAGGGATTCAAACTTTGCAAGTC	novel-star	0	0	0	0	0	0	0	0	0
AAGGGATTCAAACTTTGCAAGTC	novel-star	0	0	0	0	0	0	0	0	0
ATTCCTCGGCCGTCCCTCTGGAGA	novel-star	0	0	0	0	0	0	0	0	0
GGTTGTGATTCGTTGTTGTTGATC	novel-star	0	0	0	0	0	0	0	0	0
CCAGATGATATGGGTTAGTTAGCA	novel-star	0	0	0	0	0	0	0	0	0
CAATACCGGTGTACCGTTTCGGGT	novel-star	0	0	0	0	0	0	0	0	0
AAATACAAGAAACTTACATGATTG	novel-star	0	0	0	0	0	0	0	0	0
TCCTCGGACCAGATGATTTTGGGT	novel-star	0	0	0	0	0	0	0	0	0
AGGACAAAGGGAAGCTAAGAAAT	novel-star	0	0	0	0	0	0	0	0	0
CCTCGGACCCAAGCCTATGGTAAA	novel-star	0	0	0	0	0	0	0	0	0
CTATTTAAACGTCTTGGGGTTCAA	novel-star	0	0	0	0	0	0	0	0	0
AGTTCCTCATACTCTCATCTCGGA	novel-star	0	0	0	0	0	0	0	0	0
ACCACTACGACTCTGGAGTTGAGA	novel-star	0	0	0	0	0	0	0	0	0
AGGGTATCTGTCGAGGTTTATGAA	novel-star	0	0	0	0	0	0	0	0	0
GTGGCAGGTTGTTATTGGTTGTT	novel-star	0	0	0	0	0	0	0	0	0
TTTAAGGAGCCTATAGTGATGTTT	novel-star	0	0	0	0	0	0	0	0	0
CAAGAATATGCAGTGGTTAGATT	novel-star	0	0	0	0	0	0	0	0	0
GTTTTCTCAGCACACTCATGGCTC	novel-star	0	0	0	0	0	0	0	0	0
GGAGAGAGATTGAATTTCGGCAA	novel-star	0	0	0	0	0	0	0	0	0
AGGAGAGAGATTGAATTTCGGCA	novel-star	0	0	0	0	0	0	0	0	0
GAGGAGAGAGATTGAATTTCGGCA	novel-star	0	0	0	0	0	0	0	0	0
AGAGAGATTGAATTTCGGCAACAG	novel-star	0	0	0	0	0	0	0	0	0
CATGGTAGAGGAGCAATTCAAGGA	novel-star	0	0	0	0	0	0	0	0	0
ACAACAAATCACAGGTGGTTAGTT	novel-star	0	0	0	0	0	0	0	0	0
ACAACAAATCACAGGTGGTTAGT	novel-star	0	0	0	0	0	0	0	0	0
CACAACAAATCACAGGTGGTTAGT	novel-star	0	0	0	0	0	0	0	0	0
GTGTGAGAGAGTGTGAAGAAAAGC	novel-star	0	0	0	0	0	0	0	0	0
TCCTTTGGATTGTGAAGAAATCTT	novel-star	0	0	0	0	0	0	0	0	0
ATCCTTTGGATTGTGAAGAAATCT	novel-star	0	0	0	0	0	0	0	0	0
TGTCTAAAACTCGAGTTCCAAGAT	novel-star	0	0	0	0	0	0	0	0	0
CCTTACTAGGGCCTAGTTCTTGAC	novel-star	0	0	0	0	0	0	0	0	0
TTACTAGGGCCTAGTTCTTGACCC	novel-star	0	0	0	0	0	0	0	0	0
GCAAGATACTCGCGAGACACAGCT	novel-star	0	0	0	0	0	0	0	0	0
CGTGAGCACGACGACAGTATGGGC	novel-star	0	0	0	0	0	0	0	0	0
TGTACCAAGAAGACGATCTGAAAT	novel-star	0	0	0	0	0	0	0	0	0
GTGTACCAAGAAGACGATCTGAAA	novel-star	0	0	0	0	0	0	0	0	0
GTACCAAGAAGACGATCTGAAATT	novel-star	0	0	0	0	0	0	0	0	0
TGAATCAATAACAACTAACCACCT	novel-star	0	0	0	0	0	0	0	0	0
AAAGTCCTAACTCTCGTACCCGAT	novel-star	0	0	0	0	0	0	0	0	0
GCCAGATCAAGCCGCGAAACACTG	novel-star	0	0	0	0	0	0	0	0	0
CTAGAGTACTACTACAAAAGAGCT	novel-star	0	0	0	0	0	0	0	0	0
GCCAAAGGTCTTGTAGCTGAATT	novel-star	0	0	0	0	0	0	0	0	0
AATGTCAGTGTGCTCCTCCGTGCC	novel-star	0	0	0	0	0	0	0	0	0
AATAAGACACTAGCTCCAATGGG	novel-star	0	0	0	0	0	0	0	0	0
CGAGATTTGAGATTTTTTTGGGAA	novel-star	0	0	0	0	0	0	0	0	0
AGTCCTTTTGTATGAACTTCAATT	novel-star	0	0	0	0	0	0	0	0	0
AAGTCCTTTTGTATGAACTTCAAT	novel-star	0	0	0	0	0	0	0	0	0
AATCTTTATTACTATGAATAAAAT	novel-star	0	0	0	0	0	0	0	0	0
ATAAAAACTTTCTTTAAATGGATT	novel-star	0	0	0	0	0	0	0	0	0
TGAACCAATAATAACTAACCACCT	novel-star	0	0	0	0	0	0	0	0	0
TTGAACCAATAATAACTAACCACC	novel-star	0	0	0	0	0	0	0	0	0
TTTGAACCAATAATAACTAACCACC	novel-star	0	0	0	0	0	0	0	0	0
CTTAAAACGTCACTATAGGCTCC	novel-star	0	0	0	0	0	0	0	0	0
AAGTGGCAGGTTGTTACTGGTTGT	novel-star	0	0	0	0	0	0	0	0	0
CTAAGTGGCAGGTTGTTACTGGT	novel-star	0	0	0	0	0	0	0	0	0
CCTAAGTGGCAGGTTGTTACTGGT	novel-star	0	0	0	0	0	0	0	0	0
AGCTGTGATCTGTTGTTATCAACC	novel-star	0	0	0	0	0	0	0	0	0
CAGAGAGTAACGGTTGAAGAAGT	novel-star	0	0	0	0	0	0	0	0	0
TTTTAGTGAACTCTACTTTACGCC	novel-star	0	0	0	0	0	0	0	0	0
CATTCTTTAGTGGATTATTTGACC	novel-star	0	0	0	0	0	0	0	0	0
ATGCCTGTAGTCCTCGGACCAGAT	novel-star	0	0	0	0	0	0	0	0	0
GCAGGTCACTCCTTGGTTAAC	novel-star	0	0	0	0	0	0	0	0	0
CACGTGGTCGTGTCAGTAAGTTCT	novel-star	0	0	0	0	0	0	0	0	0
TACTGGTTATTATTGTTGGGGCAA	novel-star	0	0	0	0	0	0	0	0	0
TTACTGGTTATTATTGTTGGGGC	novel-star	0	0	0	0	0	0	0	0	0
GGGATTCCATGGAACTTCTTATT	novel-star	0	0	0	0	0	0	0	0	0
ACAAATTATAGGTGGTTAGTTGTT	novel-star	0	0	0	0	0	0	0	0	0
AGCTTGTGGGTATGGGTCTTGCCT	novel-star	0	0	0	0	0	0	0	0	0
CAAAAAGCTTGAGCTCGGCTTGGC	novel-star	0	0	0	0	0	0	0	0	0
AGGTTGTTTTGATATATCAGGAGT	novel-star	0	0	0	0	0	0	0	0	0
GGCTGATTGGCGGCTTGACCTCGC	novel-star	0	0	0	0	0	0	0	0	0
CGAGATACTCGCGAGACACAACTG	novel-star	0	0	0	0	0	0	0	0	0
GAGATACTCGCGAGACACAACTGT	novel-star	0	0	0	0	0	0	0	0	0
AGATACTCGCGAGACACAACTGTC	novel-star	0	0	0	0	0	0	0	0	0
CAATCATGCCTGTAGTCCTCGGAC	novel-star	0	0	0	0	0	0	0	0	0
CAATCATGCCTGTAGTCCTCGGA	novel-star	0	0	0	0	0	0	0	0	0
CCAATCATGCCTGTAGTCCTCGGA	novel-star	0	0	0	0	0	0	0	0	0
CCTTAAAATGTCACTATAGGCTCC	novel-star	0	0	0	0	0	0	0	0	0
AGGGAAATGTTAACGAGTGCCGT	novel-star	0	0	0	0	0	0	0	0	0
AAGGGAAATGTTAACGAGTGCCGT	novel-star	0	0	0	0	0	0	0	0	0
ATAACTGATTATCTAATTGGGCT	novel-star	0	0	0	0	0	0	0	0	0
TTCTGGCCGACTCTACTCTACTT	novel-star	0	0	0	0	0	0	0	0	0
TTCTGGCCGACTCTACTCTACTTC	novel-star	0	0	0	0	0	0	0	0	0
CTTTCAACGGTATGATCTCTTGCT	novel-star	0	0	0	0	0	0	0	0	0
ATCCAATCATGCCTGTAGTCCTCG	novel-star	0	0	0	0	0	0	0	0	0
AGGCTTCTAAGACTTGTGAGGTTT	novel-star	0	0	0	0	0	0	0	0	0
GCTTATAAATCGAGTCTTAGAGAC	novel-star	0	0	0	0	0	0	0	0	0
AAGGAACTAAGCGCTCAGTTTACT	novel-star	0	0	0	0	0	0	0	0	0
ATTACTGAGGAGCCCGGGCAGAAG	novel-star	0	0	0	0	0	0	0	0	0
TGGCTTAGCAGGTCAGAGAAGAC	novel-star	0	0	0	0	0	0	0	0	0
TAGGTGGCTTAGCAGGTCAGAGAA	novel-star	0	0	0	0	0	0	0	0	0
TGGGCTAGTGGGCTACCCATGGGC	novel-star	0	0	0	0	0	0	0	0	0
CTGGGCTAGTGGGCTACCCATGGG	novel-star	0	0	0	0	0	0	0	0	0
TTCTTTTTATGTCTGTGGAAAGCC	novel-star	0	0	0	0	0	0	0	0	0
AATTTACTCTACTCTACTCCCCCT	novel-star	0	0	0	0	0	0	0	0	0
AATTGGGTAGATCTAGGATGAGTT	novel-star	0	0	0	0	0	0	0	0	0
GTCGCGAAAAACACTTAGAAGATT	novel-star	0	0	0	0	0	0	0	0	0
GGGGAATGTTATCTGGTCCAAG	novel-star	0	0	0	0	0	0	0	0	0
TTACAGAACAGTGTTGCCTTGGTT	novel-star	0	0	0	0	0	0	0	0	0
TACAGAACAGTGTTGCCTTGGTT	novel-star	0	0	0	0	0	0	0	0	0
ATTACAGAACAGTGTTGCCTTGGT	novel-star	0	0	0	0	0	0	0	0	0
ACAGAACAGTGTTGCCTTGGTTGC	novel-star	0	0	0	0	0	0	0	0	0
CAGAACAGTGTTGCCTTGGTTGC	novel-star	0	0	0	0	0	0	0	0	0
CAGAACAGTGTTGCCTTGGTTGCC	novel-star	0	0	0	0	0	0	0	0	0
CCTTAGGGCACTGGTTAATAATCC	novel-star	0	0	0	0	0	0	0	0	0
TACTCTACTCTATTCTCCCTCCCT	novel-star	0	0	0	0	0	0	0	0	0
ATGCCTGAAGTCCTCGGACCAGAT	novel-star	0	0	0	0	0	0	0	0	0
TATACCTAGGTACTAGACAGAACC	novel-star	0	0	0	0	0	0	0	0	0
TGGGTAGATTAGGCTTGGAGGGTC	novel-star	0	0	0	0	0	0	0	0	0
TTGGGTAGATTAGGCTTGGAGGGTC	novel-star	0	0	0	0	0	0	0	0	0
GGGTAGATTAGGCTTGGAGGGTC	novel-star	0	0	0	0	0	0	0	0	0
TTGGGTAGATTAGGCTTGGAGGGT	novel-star	0	0	0	0	0	0	0	0	0
GGGTAGATTAGGCTTGGAGGGTCT	novel-star	0	0	0	0	0	0	0	0	0
GGTAGATTAGGCTTGGAGGGTCT	novel-star	0	0	0	0	0	0	0	0	0
ACTTGGGTAGATTAGGCTTGGAGG	novel-star	0	0	0	0	0	0	0	0	0
GTAGATTAGGCTTGGAGGGTCTTC	novel-star	0	0	0	0	0	0	0	0	0
GTGAGATACTCGCGAGACACAGCT	novel-star	0	0	0	0	0	0	0	0	0
ATGTGTTTTCAGTTTCCATAACTC	novel-star	0	0	0	0	0	0	0	0	0
AACGAACTTGACGAATCTTTGCCT	novel-star	0	0	0	0	0	0	0	0	0
ACCCTATAGTGACGTTTTAAGGAC	novel-star	0	0	0	0	0	0	0	0	0
AAGTACACTATGAATGGAAGTATT	novel-star	0	0	0	0	0	0	0	0	0
AGCCTATAGTGACGTTTTAAGGACT	novel-star	0	0	0	0	0	0	0	0	0
AGTGGATTTGGTTTACCTTGAGGA	novel-star	0	0	0	0	0	0	0	0	0
ATTAATGACAACCAGGTTCAAGAC	novel-star	0	0	0	0	0	0	0	0	0
TGTTTGATCAAGGCTATTTGTGGC	novel-star	0	0	0	0	0	0	0	0	0
AGTCTAATTTTCGATCGATTGAGC	novel-star	0	0	0	0	0	0	0	0	0
AACCCTAAACATATATAAGGATTA	novel-star	0	0	0	0	0	0	0	0	0
GTATTAGTGACTTTCGGCTTGGCT	novel-star	0	0	0	0	0	0	0	0	0
AGTATTAGTGACTTTCGGCTTGGC	novel-star	0	0	0	0	0	0	0	0	0
TATTAGTGACTTTCGGCTTGGCTC	novel-star	0	0	0	0	0	0	0	0	0
GTAAAGTGCGTTTTGTCAAAGGAT	novel-star	0	0	0	0	0	0	0	0	0
TAAAGTGCGTTTTGTCAAAGGATT	novel-star	0	0	0	0	0	0	0	0	0
AAAGTGCGTTTTGTCAAAGGATTA	novel-star	0	0	0	0	0	0	0	0	0
AAGTGCGTTTTGTCAAAGGATTAG	novel-star	0	0	0	0	0	0	0	0	0
ATATGTCACTATTTTATGTAATTG	novel-star	0	0	0	0	0	0	0	0	0
GTCTAAGAGACTCGAGGTGCTACT	novel-star	0	0	0	0	0	0	0	0	0
TCTGGTACTCTTCGTGGATGGTGG	novel-star	0	0	0	0	0	0	0	0	0
AATCGAACCTGGGACAAGCACTTT	novel-star	0	0	0	0	0	0	0	0	0
TAGGCTAGTGGGCTACCCATGGGC	novel-star	0	0	0	0	0	0	0	0	0
CTAGGCTAGTGGGCTACCCATGGG	novel-star	0	0	0	0	0	0	0	0	0
TCTGGGCAGGTTGTCCTTGGC	novel-star	0	0	0	0	0	0	0	0	0
TGAGTCAAGAATGACTTGCCGAAC	novel-star	0	0	0	0	0	0	0	0	0
ACAACTAACCACTTGTGATTTGTT	novel-star	0	0	0	0	0	0	0	0	0
GAACGTAGTCTGGCTCGAGGC	novel-star	0	0	0	0	0	0	0	0	0
AGACAATTTGTGTGGTTTGGCAGT	novel-star	0	0	0	0	0	0	0	0	0
GAGTCCCACATCGAAGGAAAACC	novel-star	0	0	0	0	0	0	0	0	0
TTCCAAGACTTGTGAAGTTTGAAT	novel-star	0	0	0	0	0	0	0	0	0
TTGGCCTGAAGAAAATTGAATCTC	novel-star	0	0	0	0	0	0	0	0	0
TTGTGCAAGATCTCATCCAACTCT	novel-star	0	0	0	0	0	0	0	0	0
ACACCTGCAGTCCAGATAATG	novel-star	0	0	0	0	0	0	0	0	0
AATGTCACTATAGGTCCTTAAAAA	novel-star	0	0	0	0	0	0	0	0	0
AAATGTCACTATAGGTCCTTAAAA	novel-star	0	0	0	0	0	0	0	0	0
ATGTCACTATAGGTCCTTAAAAAC	novel-star	0	0	0	0	0	0	0	0	0
ACTTGGCCTGAAGAAAATTGAATC	novel-star	0	0	0	0	0	0	0	0	0
TGAACCAATAATAACTAACTACCT	novel-star	0	0	0	0	0	0	0	0	0
ATAATAAATCTCACGACTTGTATT	novel-star	0	0	0	0	0	0	0	0	0
ATAGAGGTCGAGTTACAAAACGCC	novel-star	0	0	0	0	0	0	0	0	0
AATGGCTTGGGCTTGCACTTGAAA	novel-star	0	0	0	0	0	0	0	0	0
AGTTTTCGCGGGTAGCTCGTGACT	novel-star	0	0	0	0	0	0	0	0	0
CTTGTAATTGGGTAGATCTAGGAT	novel-star	0	0	0	0	0	0	0	0	0
GTAATTGGGTAGATCTAGGATGGG	novel-star	0	0	0	0	0	0	0	0	0
AAATGGATTATTAACCAGTGCCCT	novel-star	0	0	0	0	0	0	0	0	0
TTGATGACTTCAACACTTGACCT	novel-star	0	0	0	0	0	0	0	0	0
GAGGACTTCAGGCATGATTGGATT	novel-star	0	0	0	0	0	0	0	0	0
CGAGGACTTCAGGCATGATTGGAT	novel-star	0	0	0	0	0	0	0	0	0
CGAGGACTTCAGGCATGATTGGA	novel-star	0	0	0	0	0	0	0	0	0
CCGAGGACTTCAGGCATGATTGGA	novel-star	0	0	0	0	0	0	0	0	0
ATTTCAACGGATCCAGTGCCACTG	novel-star	0	0	0	0	0	0	0	0	0
AGGAGGATGAGACATTTGATGAGT	novel-star	0	0	0	0	0	0	0	0	0
GGAGGATGAGACATTTGATGAGTT	novel-star	0	0	0	0	0	0	0	0	0
GAGGAGGATGAGACATTTGATGA	novel-star	0	0	0	0	0	0	0	0	0
GGAGGAGGATGAGACATTTGATGA	novel-star	0	0	0	0	0	0	0	0	0
CAAGGGTTACAAGAATTTATGAAT	novel-star	0	0	0	0	0	0	0	0	0
ATGCCTCGTCTTTGTTCCTCAGGA	novel-star	0	0	0	0	0	0	0	0	0
CTTGGCTGCTGCCTGCCCATGCCT	novel-star	0	0	0	0	0	0	0	0	0
TTGGCTGCTGCCTGCCCATGCCT	novel-star	0	0	0	0	0	0	0	0	0
ATGCCTGTAGTCCTCGAACCAGA	novel-star	0	0	0	0	0	0	0	0	0
CCTTAAGGCACTGGTTAAGAATC	novel-star	0	0	0	0	0	0	0	0	0
GTGACGAAATTGGACTTTTAGTG	novel-star	0	0	0	0	0	0	0	0	0
GTGACGAAATTGGACTTTTAGTGA	novel-star	0	0	0	0	0	0	0	0	0
CTTGAGGATAGCTAGGTTAAATC	novel-star	0	0	0	0	0	0	0	0	0
CATTTCGGCCTAGCTCGATCGATT	novel-star	0	0	0	0	0	0	0	0	0
CCAATAACAACTAACCACCTGTGA	novel-star	0	0	0	0	0	0	0	0	0
AACGTCACTATAGGCTCCTTAAAA	novel-star	0	0	0	0	0	0	0	0	0
AAACGTCACTATAGGCTCCTTAAA	novel-star	0	0	0	0	0	0	0	0	0
GTCACTATAGGCTCCTTAAAACGC	novel-star	0	0	0	0	0	0	0	0	0
AAAACGTCACTATAGGCTCCTTAA	novel-star	0	0	0	0	0	0	0	0	0
TCACTATAGGCTCCTTAAAACGCC	novel-star	0	0	0	0	0	0	0	0	0
CACTATAGGCTCCTTAAAACGCC	novel-star	0	0	0	0	0	0	0	0	0
GTCAAAATTTTAAGTAGGGAACCT	novel-star	0	0	0	0	0	0	0	0	0
TCGGCGATGATCGATGAGCGTGGC	novel-star	0	0	0	0	0	0	0	0	0
TTTGAACCAATAATAACTAACCAC	novel-star	0	0	0	0	0	0	0	0	0
TACGGCGAGGCCATGTGGGAAAGT	novel-star	0	0	0	0	0	0	0	0	0
TCATTGAGAATCGTGAATCTGGCG	novel-star	0	0	0	0	0	0	0	0	0
TTCAAATTTGAACTAATAACAACT	novel-star	0	0	0	0	0	0	0	0	0
AATTTGAACTAATAACAACTAACC	novel-star	0	0	0	0	0	0	0	0	0
CAGGGCTGATTGGCGGCTTGGCCT	novel-star	0	0	0	0	0	0	0	0	0
TGCACTGCAGCTGCTTTTCTGGCC	novel-star	0	0	0	0	0	0	0	0	0
ATGCACTGCAGCTGCTTTTCTGGC	novel-star	0	0	0	0	0	0	0	0	0
GTAAAATCCAAACACTCCCAAACT	novel-star	0	0	0	0	0	0	0	0	0
TTTACTCGAGGTAGCAATAGGATG	novel-star	0	0	0	0	0	0	0	0	0
TACTCGAGGTAGCAATAGGATGTT	novel-star	0	0	0	0	0	0	0	0	0
CTCGAGGTAGCAATAGGATGTTAGT	novel-star	0	0	0	0	0	0	0	0	0
TCAGTTTCCATAACTCATAACTC	novel-star	0	0	0	0	0	0	0	0	0
TTCAGTTTCCATAACTCATAACTC	novel-star	0	0	0	0	0	0	0	0	0
GTCGGTTTTTAGGGCTTGGTGGGT	novel-star	0	0	0	0	0	0	0	0	0
AGAAATTATAAGGTCCTCATGGTG	novel-star	0	0	0	0	0	0	0	0	0
ACTTGTAATTGGGTAGATCTAGGA	novel-star	0	0	0	0	0	0	0	0	0
CTCGGACCAGATGATTTGGGTTAG	novel-star	0	0	0	0	0	0	0	0	0
TGAACCAATAACAACTAACCACTT	novel-star	0	0	0	0	0	0	0	0	0
TTGAACCAATAACAACTAACCACT	novel-star	0	0	0	0	0	0	0	0	0
TTTGAACCAATAACAACTAACCACT	novel-star	0	0	0	0	0	0	0	0	0
ATTTGAACCAATAACAACTAACC	novel-star	0	0	0	0	0	0	0	0	0
AGTGTTTCGCGGCTTGATCTGGCG	novel-star	0	0	0	0	0	0	0	0	0
AACGAGTGCTCTTAGGGTATTGGT	novel-star	0	0	0	0	0	0	0	0	0
ATAGGTGGTTAGTTGTTATTGGT	novel-star	0	0	0	0	0	0	0	0	0
CGGCCTGGCTCGATCGATCGAAAG	novel-star	0	0	0	0	0	0	0	0	0
TTCGGCCTGGCTCGATCGATCGAA	novel-star	0	0	0	0	0	0	0	0	0
CTGGCTCGATCGATCGAAAGAAAG	novel-star	0	0	0	0	0	0	0	0	0
TTCGGCCTGGCTCGATCGATCGA	novel-star	0	0	0	0	0	0	0	0	0
AGGTGCATCGGGTAGATTAGGCTT	novel-star	0	0	0	0	0	0	0	0	0
TAGGTGCATCGGGTAGATTAGGCT	novel-star	0	0	0	0	0	0	0	0	0
TGCATCGGGTAGATTAGGCTTGGA	novel-star	0	0	0	0	0	0	0	0	0
CTATAGGTCCTTAAAACGTCACT	novel-star	0	0	0	0	0	0	0	0	0
ATCTTGGATGGATCTGGCAAGATC	novel-star	0	0	0	0	0	0	0	0	0
TATTCTATCATGAACAACGATC	novel-star	0	0	0	0	0	0	0	0	0
TTGATATATCAGGAGTGAGATCT	novel-star	0	0	0	0	0	0	0	0	0
TTCTGCAGAATTTTCAACTCAGCC	novel-star	0	0	0	0	0	0	0	0	0
TAAACACTAGGATCAGGTAGCAAC	novel-star	0	0	0	0	0	0	0	0	0
AAGGGCACTCGTTAGCATTTTCCT	novel-star	0	0	0	0	0	0	0	0	0
AATTTTGGGCCAACTCTACTCTAC	novel-star	0	0	0	0	0	0	0	0	0
AAATGGACTGTTAACCATTGCCCT	novel-star	0	0	0	0	0	0	0	0	0
GTAAAATTCAAACACTCCCAAACT	novel-star	0	0	0	0	0	0	0	0	0
CCCAAATCATCTGGTCCGAGGAC	novel-star	0	0	0	0	0	0	0	0	0
GACTCGATCGATCGAAAGTCGGCC	novel-star	0	0	0	0	0	0	0	0	0
ATGACGACCATAGAATATGAAAGG	novel-star	0	0	0	0	0	0	0	0	0
CATTGGTGCATTTCGGCCTGGCTC	novel-star	0	0	0	0	0	0	0	0	0
TGCATAGAGTTGTGGCACTAGAAC	novel-star	0	0	0	0	0	0	0	0	0
AGATTGGACCAAGAAACAAGTGAA	novel-star	0	0	0	0	0	0	0	0	0
GATTGGACCAAGAAACAAGTGAA	novel-star	0	0	0	0	0	0	0	0	0
TAATTTTCGATCGATCGAGCCTTG	novel-star	0	0	0	0	0	0	0	0	0
TAATTTTCGATCGATCGAGCCTT	novel-star	0	0	0	0	0	0	0	0	0
GAGAGAGAGAGAGAGAGAGAGAT	novel-star	0	0	0	0	0	0	0	0	0
AACGCAATCTAGTCGACTTTCGAT	novel-star	0	0	0	0	0	0	0	0	0
AGACTGCAGATGCATTGGGGCATT	novel-star	0	0	0	0	0	0	0	0	0
GAGACTGCAGATGCATTGGGGCAT	novel-star	0	0	0	0	0	0	0	0	0
TTAGATGCTGTTCCTTAGGTTCCC	novel-star	0	0	0	0	0	0	0	0	0
TCTGATCCAGATTCATGTTATCAT	novel-star	0	0	0	0	0	0	0	0	0
TCTGATCCAGATTCATGTTATCA	novel-star	0	0	0	0	0	0	0	0	0
CAGATGATTTGGGTTAGTTAACAC	novel-star	0	0	0	0	0	0	0	0	0
CCATTTGACTGGATCCAGTGCACT	novel-star	0	0	0	0	0	0	0	0	0
ACAAGTGGTTAGTTGTTATTGGTT	novel-star	0	0	0	0	0	0	0	0	0
GTGGACTTGTTGAGGTGACTAAGT	novel-star	0	0	0	0	0	0	0	0	0
AGGGCAAATCTCTTTTGGCA	novel-star	0	0	0	0	0	0	0	0	0
GGTTTCGGGTAGGGTATGGATATC	novel-star	0	0	0	0	0	0	0	0	0
GATTTTGAGGGGCTATTGTGGGGC	novel-star	0	0	0	0	0	0	0	0	0
GATTTTGAGGGGCTATTGTGGGGCC	novel-star	0	0	0	0	0	0	0	0	0
ATTTTGAGGGGCTATTGTGGGGCC	novel-star	0	0	0	0	0	0	0	0	0
AGGATTTTGAGGGGCTATTGTGGG	novel-star	0	0	0	0	0	0	0	0	0
GACAAATTGAATATCCAGAACTGT	novel-star	0	0	0	0	0	0	0	0	0
TTGAATATCCAGAACTGTGTAAAT	novel-star	0	0	0	0	0	0	0	0	0
GGTATTTAAACCGGTACGAAACGT	novel-star	0	0	0	0	0	0	0	0	0
TAGCCGTTTGATCTTACTGTTGAA	novel-star	0	0	0	0	0	0	0	0	0
AGCCGTTTGATCTTACTGTTGAA	novel-star	0	0	0	0	0	0	0	0	0
AGGTTACTTTGATATATTAGGAGT	novel-star	0	0	0	0	0	0	0	0	0
TTTTGGAACTCGAGTACTATAGAA	novel-star	0	0	0	0	0	0	0	0	0
GTTCCCTTGAACACTTCACC	novel-star	0	0	0	0	0	0	0	0	0
TCAAGTAGCGGAATCCGGCAAGCT	novel-star	0	0	0	0	0	0	0	0	0
GTTTCAACCTTTGACTCTGCTACT	novel-star	0	0	0	0	0	0	0	0	0
GAGAGACTGCAGATGCATTGGGGC	novel-star	0	0	0	0	0	0	0	0	0
GTCCTTAAAACGTCATTATAGGCT	novel-star	0	0	0	0	0	0	0	0	0
TTTGAACCAATAACAACTAACTACT	novel-star	0	0	0	0	0	0	0	0	0
TTTGAACCAATAACAACTAACTAC	novel-star	0	0	0	0	0	0	0	0	0
GTCTAATTTTCGATCGATCGAGCCT	novel-star	0	0	0	0	0	0	0	0	0
TCTAATTTTCGATCGATCGAGCC	novel-star	0	0	0	0	0	0	0	0	0
GTCTAATTTTCGATCGATCGAGC	novel-star	0	0	0	0	0	0	0	0	0
TATTATAAAACTGCAAACTGCACT	novel-star	0	0	0	0	0	0	0	0	0
ATCATCTGGTCCGAGGACTTCAGG	novel-star	0	0	0	0	0	0	0	0	0
ATCATCTGGTTCGAGGACTTCAGG	novel-star	0	0	0	0	0	0	0	0	0
GTTTGTTGTGGTTTTGTCACGGAT	novel-star	0	0	0	0	0	0	0	0	0
TCACTTGTTTCTTGGACAGACTTG	novel-star	0	0	0	0	0	0	0	0	0
AACAAATTTTAAGTGACAGGTTGT	novel-star	0	0	0	0	0	0	0	0	0
TCGATTTTACTGTTCATATGGCCT	novel-star	0	0	0	0	0	0	0	0	0
AGTCCTTTTGTATGAATTTCGATT	novel-star	0	0	0	0	0	0	0	0	0
TTTGAACCAATAACAACTAGCCA	novel-star	0	0	0	0	0	0	0	0	0
ACATCTTGTTGTCGTCACAATATT	novel-star	0	0	0	0	0	0	0	0	0
ACTTGATGACTTCAACACTTGACC	novel-star	0	0	0	0	0	0	0	0	0
ACTTGATGACTTCAACACTTGACCT	novel-star	0	0	0	0	0	0	0	0	0
GATAGACTTGATGACTTCAACACT	novel-star	0	0	0	0	0	0	0	0	0
CTTGATGACTTCAACACTTGACCT	novel-star	0	0	0	0	0	0	0	0	0
AGAGAAATGCTAACGAGTGCCCTT	novel-star	0	0	0	0	0	0	0	0	0
ATAGGTGAAGCAGAGAGAAAATC	novel-star	0	0	0	0	0	0	0	0	0
CATGGTGGACAAGTGATGTGGTCT	novel-star	0	0	0	0	0	0	0	0	0
TTTGATATATTAGGAGTGAGATCT	novel-star	0	0	0	0	0	0	0	0	0
GAGATACTCGCGAGACATAGCTGT	novel-star	0	0	0	0	0	0	0	0	0
GTTTTAGTGTGGCAAAATGGCATA	novel-star	0	0	0	0	0	0	0	0	0
TACTGGTTATTATTGTTGGGGCA	novel-star	0	0	0	0	0	0	0	0	0
TTACTGGTTATTATTGTTGGGGCA	novel-star	0	0	0	0	0	0	0	0	0
TCGATTTTGTGAAACTCAAGTACT	novel-star	0	0	0	0	0	0	0	0	0
TTGCATGGTCCTCGGACTCAAACC	novel-star	0	0	0	0	0	0	0	0	0
ATACATAGCATCATACAATAGGAT	novel-star	0	0	0	0	0	0	0	0	0
CAAGTATAAGTGCTTGTGGGGTGT	novel-star	0	0	0	0	0	0	0	0	0
TCCATTTAAAGAAAGTTTTTATG	novel-star	0	0	0	0	0	0	0	0	0
GTGTTGTCCTTGTGTTTGCATCTC	novel-star	0	0	0	0	0	0	0	0	0
CCAATGTCGTTAACCTTAAGTGGG	novel-star	0	0	0	0	0	0	0	0	0
ACACAGCTGTCTCCACCTGGCCT	novel-star	0	0	0	0	0	0	0	0	0
ATCAGACTACTCTAATAAATGATT	novel-star	0	0	0	0	0	0	0	0	0
AGTGGATCTGTTTTACCTTGAGGA	novel-star	0	0	0	0	0	0	0	0	0
GTGGATCTGTTTTACCTTGAGGAT	novel-star	0	0	0	0	0	0	0	0	0
ATGAATAATAAATCTCACGACTT	novel-star	0	0	0	0	0	0	0	0	0
AGGGTCTATTGCTGTTCATGTATC	novel-star	0	0	0	0	0	0	0	0	0
ATTGTGTAAATCTGCCTGGCTCGA	novel-star	0	0	0	0	0	0	0	0	0
TTATTGTGTAAATCTGCCTGGCTC	novel-star	0	0	0	0	0	0	0	0	0
GAACCAATAACAACTAACCACCTG	novel-star	0	0	0	0	0	0	0	0	0
GAACCAATAACAACTAACCACCT	novel-star	0	0	0	0	0	0	0	0	0
TTCTGTTATCTCGCGGCTTGAACT	novel-star	0	0	0	0	0	0	0	0	0
ACGTTTCGTACCGGTTTAAATACC	novel-star	0	0	0	0	0	0	0	0	0
GGGGAATGTTATCTGGTCCAA	novel-star	0	0	0	0	0	0	0	0	0
AGACCACTTTTAGTGACGAAACTG	novel-star	0	0	0	0	0	0	0	0	0
CCGGAATATTATAAATGTGTACTC	novel-star	0	0	0	0	0	0	0	0	0
TCGATTTGTGAGGGTATTGGGGCT	novel-star	0	0	0	0	0	0	0	0	0
TAAGGACCTATAGTGACATTTTGT	novel-star	0	0	0	0	0	0	0	0	0
ATTGGACTAAGTAATCAACTTGGC	novel-star	0	0	0	0	0	0	0	0	0
TCTTTTTATGTCTGTGGAAAGCCA	novel-star	0	0	0	0	0	0	0	0	0
TATTTCGGGTACCGGTCAATACCG	novel-star	0	0	0	0	0	0	0	0	0
CTTTTGGGTCTTTCCAATTGGGCT	novel-star	0	0	0	0	0	0	0	0	0
GTTGTAACGATCAAATTGACTGGT	novel-star	0	0	0	0	0	0	0	0	0
CTGTCCAGCTTTAATGAACACCT	novel-star	0	0	0	0	0	0	0	0	0
TATCTGTCCAGCTTTAATGAACAC	novel-star	0	0	0	0	0	0	0	0	0
ACCGCAGACTGAGTTGTTCCAGAG	novel-star	0	0	0	0	0	0	0	0	0
TGGGCAGGTTGTCCTTGGCTC	novel-star	0	0	0	0	0	0	0	0	0
GGAGGGTCTATTGCTGTTCATGTA	novel-star	0	0	0	0	0	0	0	0	0
ACAACTAACCACTTGTGATTTGT	novel-star	0	0	0	0	0	0	0	0	0
GTCGAACCGTGATGACATCATAAT	novel-star	0	0	0	0	0	0	0	0	0
GAGAAAATCCTGAGCCCGAGATT	novel-star	0	0	0	0	0	0	0	0	0
ACCCAAATCATCTGGTTCGAGGAC	novel-star	0	0	0	0	0	0	0	0	0
CCAAGGGACGCTTCGTAAATGAAA	novel-star	0	0	0	0	0	0	0	0	0
AGGAGGATGAGTCGTTTGATGAGT	novel-star	0	0	0	0	0	0	0	0	0
TTTGGATCATTCATATTTTTGAA	novel-star	0	0	0	0	0	0	0	0	0
GTGTCGGGCATATGTAACCACCCT	novel-star	0	0	0	0	0	0	0	0	0
CTCCAGCTGGCGCGACTGTTCATC	novel-star	0	0	0	0	0	0	0	0	0
CACTAAAAGTCCAATTTCGTCACT	novel-star	0	0	0	0	0	0	0	0	0
CACTAAAAGTCCAATTTCGTCAC	novel-star	0	0	0	0	0	0	0	0	0
TAGGTACATCGGGTAGATTAGGCT	novel-star	0	0	0	0	0	0	0	0	0
TTAGGTACATCGGGTAGATTAGGC	novel-star	0	0	0	0	0	0	0	0	0
AGGTACATCGGGTAGATTAGGCTT	novel-star	0	0	0	0	0	0	0	0	0
AACTTGGCCTGAAGAAAATTGAAT	novel-star	0	0	0	0	0	0	0	0	0
AGGTTGCTTTGATATATTAGGAGT	novel-star	0	0	0	0	0	0	0	0	0
GTTAGGTTCTAAAGACTTAGGATT	novel-star	0	0	0	0	0	0	0	0	0
TGTTAGGTTCTAAAGACTTAGGAT	novel-star	0	0	0	0	0	0	0	0	0
ATGGTGGGTCAAAAAAATTCAACC	novel-star	0	0	0	0	0	0	0	0	0
CATGGTGGGTCAAAAAAATTCAAC	novel-star	0	0	0	0	0	0	0	0	0
TCTGTCTACGAGATTCTTCTTG	novel-star	0	0	0	0	0	0	0	0	0
GATGGGTTCAAGTTACACTTGGTG	novel-star	0	0	0	0	0	0	0	0	0
TTGGCCTTGGCTGCTGCATGCCA	novel-star	0	0	0	0	0	0	0	0	0
AGAGGCAGGTAGCGAATCTCGGCC	novel-star	0	0	0	0	0	0	0	0	0
ACAGGTGGTTAGTTGTTATTGGT	novel-star	0	0	0	0	0	0	0	0	0
GCCAAGAACTCGACTAGATCTAGC	novel-star	0	0	0	0	0	0	0	0	0
CTTGGAGGGCTTAGGTACATCGGG	novel-star	0	0	0	0	0	0	0	0	0
TTGGAGGGCTTAGGTACATCGGGT	novel-star	0	0	0	0	0	0	0	0	0
GAATGAGGATTGGGCCCAAAGACC	novel-star	0	0	0	0	0	0	0	0	0
AGTGACGAAATTGGACTTTTAGT	novel-star	0	0	0	0	0	0	0	0	0
AACAGAGGATTACAAAATGATCTC	novel-star	0	0	0	0	0	0	0	0	0
GATTGGGCTTCTTGTGTAGATACC	novel-star	0	0	0	0	0	0	0	0	0
CCTTAAAACGTCACTATAGGCTCT	novel-star	0	0	0	0	0	0	0	0	0
AGTTCTTGGAGGCTTTAGAGCTT	novel-star	0	0	0	0	0	0	0	0	0
GAAGTTCTTGGAGGCTTTAGAGCT	novel-star	0	0	0	0	0	0	0	0	0
CTTGGACAGACTTGATGACTTCA	novel-star	0	0	0	0	0	0	0	0	0
ATTTAGAACTCTAATGTGTAATGT	novel-star	0	0	0	0	0	0	0	0	0
TTTAGAACTCTAATGTGTAATGTT	novel-star	0	0	0	0	0	0	0	0	0
TTAGAACTCTAATGTGTAATGTT	novel-star	0	0	0	0	0	0	0	0	0
GTATTTAGAACTCTAATGTGTAAT	novel-star	0	0	0	0	0	0	0	0	0
TGTATTTAGAACTCTAATGTGTAAT	novel-star	0	0	0	0	0	0	0	0	0
TAGAACTCTAATGTGTAATGTTGG	novel-star	0	0	0	0	0	0	0	0	0
AACTGATTGGTGTCTTGATCTGAT	novel-star	0	0	0	0	0	0	0	0	0
AGTAACTGTGAGATAAACTAGGCT	novel-star	0	0	0	0	0	0	0	0	0
TAACTGTGAGATAAACTAGGCTGCC	novel-star	0	0	0	0	0	0	0	0	0
TGGCCGAGTCTTGAACTAAA	novel-star	0	0	0	0	0	0	0	0	0
TGGCCGAGTCTTGAACTAAAA	novel-star	0	0	0	0	0	0	0	0	0
CTAAATCTACTCTACTCTACTCCC	novel-star	0	0	0	0	0	0	0	0	0
CCCTAACCCGACCTGTTAATAAGG	novel-star	0	0	0	0	0	0	0	0	0
CAAGATTTTGTTATTTTGGACACT	novel-star	0	0	0	0	0	0	0	0	0
AATTTATCAACCATCTTGTTGGCT	novel-star	0	0	0	0	0	0	0	0	0
TGAACCAATAACAACTAATCACCT	novel-star	0	0	0	0	0	0	0	0	0
TTGAACCAATAACAACTAATCACC	novel-star	0	0	0	0	0	0	0	0	0
TTTGAACCAATAACAACTAATCACC	novel-star	0	0	0	0	0	0	0	0	0
CTTCAGAGGAGTCGATTTTACTGT	novel-star	0	0	0	0	0	0	0	0	0
ATTTTCGATCGATTGAGCCTTGCA	novel-star	0	0	0	0	0	0	0	0	0
GTCTAATTTTCGATCGATTGAGCC	novel-star	0	0	0	0	0	0	0	0	0
ACCGTGAATGTGAAAAGAATGAGC	novel-star	0	0	0	0	0	0	0	0	0
ACTTGGCCTGAAGAAAATTGATTC	novel-star	0	0	0	0	0	0	0	0	0
TGAGAGCGTACTGTAGCATGTCTC	novel-star	0	0	0	0	0	0	0	0	0
TAATGTTATAGGATTCCTGGGAAT	novel-star	0	0	0	0	0	0	0	0	0
CAACGGCTTGCGTGGCGCTGACGT	novel-star	0	0	0	0	0	0	0	0	0
GTGAACTCGAGTACCCTATTTTAT	novel-star	0	0	0	0	0	0	0	0	0
GGTTTAATCTTTGCTGTGTTGATC	novel-star	0	0	0	0	0	0	0	0	0
AACAGGGCAAGTTGGCGGCTTGGC	novel-star	0	0	0	0	0	0	0	0	0
AGTTTGTGGCTTGAGATGGGACCA	novel-star	0	0	0	0	0	0	0	0	0
AGTTTGTGGCTTGAGATGGGACC	novel-star	0	0	0	0	0	0	0	0	0
TAGTTTGTGGCTTGAGATGGGAC	novel-star	0	0	0	0	0	0	0	0	0
AAATGGGTTGGGTTAGTGTTCAAC	novel-star	0	0	0	0	0	0	0	0	0
GGCAATTCTCTTAGGGCAGA	novel-star	0	0	0	0	0	0	0	0	0
CGCCGTCTGTGGGAAGAACTTGAT	novel-star	0	0	0	0	0	0	0	0	0
ATTCGGGTGCGTTTCTAAATCT	novel-star	0	0	0	0	0	0	0	0	0
CAAAATAAGCGGTATCCAAACAC	novel-star	0	0	0	0	0	0	0	0	0
TCTGAGTTGGCACTTTTTCCACGT	novel-star	0	0	0	0	0	0	0	0	0
ACCTTCAGAGGGTATTTGGCCGGC	novel-star	0	0	0	0	0	0	0	0	0
ACCCTTTGATTGTTGTAGTTGATT	novel-star	0	0	0	0	0	0	0	0	0
AATTCTACTCTACTCCCCTCCACT	novel-star	0	0	0	0	0	0	0	0	0
TCCTTGGGTCGTTACATATGGTAT	novel-star	0	0	0	0	0	0	0	0	0
GGATTAGGGTTGAAGGATCATGAC	novel-star	0	0	0	0	0	0	0	0	0
CCCAAATCATCTAGTCCGAGGAC	novel-star	0	0	0	0	0	0	0	0	0
CACTATAAGCTCCTTAAAAACGCC	novel-star	0	0	0	0	0	0	0	0	0
AGCTAATTTTGAACCAACTCTACT	novel-star	0	0	0	0	0	0	0	0	0
TCAAGGTATTAAGTGAGACTCACT	novel-star	0	0	0	0	0	0	0	0	0
ATACTCGCGAGACACAGCTATCTC	novel-star	0	0	0	0	0	0	0	0	0
TCGCATTTGTTGACTTTGAAAAAT	novel-star	0	0	0	0	0	0	0	0	0
ATTTTTAACCAACTCTACTCTACT	novel-star	0	0	0	0	0	0	0	0	0
CTTGTGTCCAGTGAAAGTTTTCAC	novel-star	0	0	0	0	0	0	0	0	0
TCAGAGAGTAACGGTTGAAGAAGT	novel-star	0	0	0	0	0	0	0	0	0
TTTGTGCGTGAATCCGACCCC	novel-star	0	0	0	0	0	0	0	0	0
CACTATCTCTAAGGCACTTG	novel-star	0	0	0	0	0	0	0	0	0
CACTATCTCTAAGGCACTTGA	novel-star	0	0	0	0	0	0	0	0	0
TAGGGTTAGAAGAAAAGAAGGCC	novel-star	0	0	0	0	0	0	0	0	0
GTTCGAGGACTACAGGCATGATTG	novel-star	0	0	0	0	0	0	0	0	0
AAGTCCAGAAGCTCTGCCGGAACC	novel-star	0	0	0	0	0	0	0	0	0
GAAGTCCAGAAGCTCTGCCGGAACC	novel-star	0	0	0	0	0	0	0	0	0
GAAGTCCAGAAGCTCTGCCGGAAC	novel-star	0	0	0	0	0	0	0	0	0
AGAAGTCCAGAAGCTCTGCCGGAA	novel-star	0	0	0	0	0	0	0	0	0
TAGCCACTATAGCACATACTCGGA	novel-star	0	0	0	0	0	0	0	0	0
GTCAAGTTAGAACTTCTCACAACT	novel-star	0	0	0	0	0	0	0	0	0
ATCGGAGATGTGGCGTTTGGTGGA	novel-star	0	0	0	0	0	0	0	0	0
TCTGAATGACATCTTTTGCTTGGA	novel-star	0	0	0	0	0	0	0	0	0
ACGTTTTAAGGACCTATAGTGACG	novel-star	0	0	0	0	0	0	0	0	0
AGTGACGTTTTAAGGACCTATAGT	novel-star	0	0	0	0	0	0	0	0	0
TCAAGGATATTGTGAATTCTGCCT	novel-star	0	0	0	0	0	0	0	0	0
TTTTAAAACGTCACTATAGGCTCC	novel-star	0	0	0	0	0	0	0	0	0
GAGATACTTGCGAGACACAGCTGT	novel-star	0	0	0	0	0	0	0	0	0
CGAGATACTTGCGAGACACAGCTG	novel-star	0	0	0	0	0	0	0	0	0
TGCATGGTCCTCGGACTCAAGCCT	novel-star	0	0	0	0	0	0	0	0	0
ATTGCATGGTCCTCGGACTCAAGC	novel-star	0	0	0	0	0	0	0	0	0
AGAGAGTGTGTTATGTGTAGTATA	novel-star	0	0	0	0	0	0	0	0	0
ACTTATAGTGGCGTTTTGTAACTC	novel-star	0	0	0	0	0	0	0	0	0
GATTGGTGTCTTGGTCTGATGAT	novel-star	0	0	0	0	0	0	0	0	0
TTTGAACCAATAACAACTAACCAT	novel-star	0	0	0	0	0	0	0	0	0
TGAACCAATAACAACTAACCACC	novel-star	0	0	0	0	0	0	0	0	0
GTGGCTTAGCAGGTCAGAGAAGAC	novel-star	0	0	0	0	0	0	0	0	0
AATCTGAGATCATCTGGTCCGAGG	novel-star	0	0	0	0	0	0	0	0	0
TAATCTGAGATCATCTGGTCCGAG	novel-star	0	0	0	0	0	0	0	0	0
ATCTGAGATCATCTGGTCCGAGGA	novel-star	0	0	0	0	0	0	0	0	0
TAATCTGAGATCATCTGGTCCGA	novel-star	0	0	0	0	0	0	0	0	0
CTAATCTGAGATCATCTGGTCCGA	novel-star	0	0	0	0	0	0	0	0	0
TCTGAGATCATCTGGTCCGAGGAC	novel-star	0	0	0	0	0	0	0	0	0
ACTAATCTGAGATCATCTGGTCCG	novel-star	0	0	0	0	0	0	0	0	0
CTGAGATCATCTGGTCCGAGGACT	novel-star	0	0	0	0	0	0	0	0	0
GCGAGATACTCGCGAGAGACAGCT	novel-star	0	0	0	0	0	0	0	0	0
ATGAGAAATGCTAACGAGTGCCCT	novel-star	0	0	0	0	0	0	0	0	0
GTTACTAGTTGTTATTGTTGGGGC	novel-star	0	0	0	0	0	0	0	0	0
GTGTCAGCTTGTGATAGGTCGGGA	novel-star	0	0	0	0	0	0	0	0	0
TGTCAGCTTGTGATAGGTCGGGAA	novel-star	0	0	0	0	0	0	0	0	0
GTCAGCTTGTGATAGGTCGGGAA	novel-star	0	0	0	0	0	0	0	0	0
AAGCGAAGTCCTGACCAACTCAGC	novel-star	0	0	0	0	0	0	0	0	0
GCCAGCCTGTACTGAATGACTCAC	novel-star	0	0	0	0	0	0	0	0	0
TCTGCCAGCCTGTACTGAATGACT	novel-star	0	0	0	0	0	0	0	0	0
CAGCCTGTACTGAATGACTCACA	novel-star	0	0	0	0	0	0	0	0	0
CAGCCTGTACTGAATGACTCACAC	novel-star	0	0	0	0	0	0	0	0	0
CCGGCCAACTCTCCTCTACTTCCC	novel-star	0	0	0	0	0	0	0	0	0
ATTTGAACCCCCTGGGCTGCACCT	novel-star	0	0	0	0	0	0	0	0	0
CAGTTTCAGCAAAATAAGTGGATC	novel-star	0	0	0	0	0	0	0	0	0
CTTAGGATTTTATGTATTTAGAAC	novel-star	0	0	0	0	0	0	0	0	0
GGTAAGTGTTTGGGCTATCAACCT	novel-star	0	0	0	0	0	0	0	0	0
GACTTGGTAGTGTGATGTGTCAGC	novel-star	0	0	0	0	0	0	0	0	0
GTGGACTTGGTAGTGTGATGTGTC	novel-star	0	0	0	0	0	0	0	0	0
ACTTGGTAGTGTGATGTGTCAGCT	novel-star	0	0	0	0	0	0	0	0	0
CTTGGTAGTGTGATGTGTCAGCTT	novel-star	0	0	0	0	0	0	0	0	0
ACGAACCCAGGCGCCGATTTTGAC	novel-star	0	0	0	0	0	0	0	0	0
AAAGGCCTTGTAGCTGAATTGACA	novel-star	0	0	0	0	0	0	0	0	0
GCGGAAGTCTTTTCCTTATAGGAC	novel-star	0	0	0	0	0	0	0	0	0
CGGAAGTCTTTTCCTTATAGGAC	novel-star	0	0	0	0	0	0	0	0	0
GTAGACATGGCAAAACGGGTCAGA	novel-star	0	0	0	0	0	0	0	0	0
GGACCAGATGATCTCAGATTAGTT	novel-star	0	0	0	0	0	0	0	0	0
GACCAGATGATCTCAGATTAGTT	novel-star	0	0	0	0	0	0	0	0	0
GGACCAGATGATCTCAGATTAGT	novel-star	0	0	0	0	0	0	0	0	0
CGGACCAGATGATCTCAGATTAGT	novel-star	0	0	0	0	0	0	0	0	0
GACCAGATGATCTCAGATTAGTTA	novel-star	0	0	0	0	0	0	0	0	0
CGGACCAGATGATCTCAGATTAG	novel-star	0	0	0	0	0	0	0	0	0
ACCAGATGATCTCAGATTAGTTAA	novel-star	0	0	0	0	0	0	0	0	0
CTCGGACCAGATGATCTCAGATTA	novel-star	0	0	0	0	0	0	0	0	0
CCAGATGATCTCAGATTAGTTAAC	novel-star	0	0	0	0	0	0	0	0	0
CTCGGACCAGATGATCTCAGATT	novel-star	0	0	0	0	0	0	0	0	0
ATAGGTGAAGCAGAGAGAAAATCC	novel-star	0	0	0	0	0	0	0	0	0
TTTGTAACTCGAGCTCCATGAACT	novel-star	0	0	0	0	0	0	0	0	0
GAATCCTAATCCGAATTGGACTT	novel-star	0	0	0	0	0	0	0	0	0
GGAATCCTAATCCGAATTGGACTT	novel-star	0	0	0	0	0	0	0	0	0
GGAATCCTAATCCGAATTGGACT	novel-star	0	0	0	0	0	0	0	0	0
ATACTCGCGAGACACAGCTGTCTC	novel-star	0	0	0	0	0	0	0	0	0
GTTTTGAGGGGCTATTGTGGGGCC	novel-star	0	0	0	0	0	0	0	0	0
GGGAGCAACCGTCTAGCAGCC	novel-star	0	0	0	0	0	0	0	0	0
GGCATTGCATGGTCCTCGGACCCA	novel-star	0	0	0	0	0	0	0	0	0
AGGCATTGCATGGTCCTCGGACCC	novel-star	0	0	0	0	0	0	0	0	0
AATTAAGATTATTGTTAGTAGAAT	novel-star	0	0	0	0	0	0	0	0	0
ATTCTCATGTTTGGTTGCAAATC	novel-star	0	0	0	0	0	0	0	0	0
AAGATTGCTTAGAGTTACACCAGG	novel-star	0	0	0	0	0	0	0	0	0
CTTACTTTGGGCCTGGTCTTTCCC	novel-star	0	0	0	0	0	0	0	0	0
CATGGAACTCGAGTTTTTAAAACT	novel-star	0	0	0	0	0	0	0	0	0
CTAATATTAGATACGCCAACAATG	novel-star	0	0	0	0	0	0	0	0	0
AAATTCAGGCGGCTCTGTGCTCCC	novel-star	0	0	0	0	0	0	0	0	0
GTGGAATGGTAGACAAGTGACGTG	novel-star	0	0	0	0	0	0	0	0	0
ATAAAAACTTTCTTTAAATGGAT	novel-star	0	0	0	0	0	0	0	0	0
AGTGTAACAATTTAGTCTTGC	novel-star	0	0	0	0	0	0	0	0	0
ACGAGCCCAATGAACCCAAGACAA	novel-star	0	0	0	0	0	0	0	0	0
AAAGTAATTGTGGCAATGGTATTG	novel-star	0	0	0	0	0	0	0	0	0
ATCCACATGGTAGAATCTTAAAAT	novel-star	0	0	0	0	0	0	0	0	0
GTTCGAGCTGGTGGTACCCATGGG	novel-star	0	0	0	0	0	0	0	0	0
TTCGAGCTGGTGGTACCCATGGGCT	novel-star	0	0	0	0	0	0	0	0	0
TTGTCCTGTAGTGCGACAGCTGGC	novel-star	0	0	0	0	0	0	0	0	0
CTTTTGTCCTGTAGTGCGACAGCT	novel-star	0	0	0	0	0	0	0	0	0
GTTGAGCTTCGGCTGGGACGGCGT	novel-star	0	0	0	0	0	0	0	0	0
AGTGTATGAAGGATTGATCTTGAG	novel-star	0	0	0	0	0	0	0	0	0
CTCCGGGCTCTCACAAAGTGG	novel-star	0	0	0	0	0	0	0	0	0
GTTGGGTCATAAATGGGTTGGGTG	novel-star	0	0	0	0	0	0	0	0	0
ATTTTCAGCTAATTCTACTCTACT	novel-star	0	0	0	0	0	0	0	0	0
ATTCAAGGCTAAATTGGGGAAAGC	novel-star	0	0	0	0	0	0	0	0	0
ATGAGCCAATGGAGTTAGAGTACT	novel-star	0	0	0	0	0	0	0	0	0
TTGCATGGTCCTCGGACCCAAACC	novel-star	0	0	0	0	0	0	0	0	0
ACGGTGTTCCTAATTTTGTGATTG	novel-star	0	0	0	0	0	0	0	0	0
AGTGATAGACAGAACCAAGGCATT	novel-star	0	0	0	0	0	0	0	0	0
ATAGACAGAACCAAGGCATTGCAT	novel-star	0	0	0	0	0	0	0	0	0
ATAGGTGAAGCAGAGAGAAAATTC	novel-star	0	0	0	0	0	0	0	0	0
TGTAGGTTGCTTTGATATATCAGG	novel-star	0	0	0	0	0	0	0	0	0
ACATTCGTCCTAATTGTCATAAAT	novel-star	0	0	0	0	0	0	0	0	0
AGGGAGAGTAGAGTAGATAAATT	novel-star	0	0	0	0	0	0	0	0	0
CTTGGGTAGATTAGGCTTGGAGGG	novel-star	0	0	0	0	0	0	0	0	0
AGTATGTGTCGAGGTTTAGAAAGC	novel-star	0	0	0	0	0	0	0	0	0
CAAATTTGTATATTGGGCCTTGGGC	novel-star	0	0	0	0	0	0	0	0	0
AATTTGTATATTGGGCCTTGGGC	novel-star	0	0	0	0	0	0	0	0	0
GGCAGTGCTCCCAGGAAGGT	novel-star	0	0	0	0	0	0	0	0	0
TGAACTAATAACAACTAACCACCT	novel-star	0	0	0	0	0	0	0	0	0
ATCAACGAATGTAGGGTTAGGATC	novel-star	0	0	0	0	0	0	0	0	0
AAGAATAGATCATGTGGCAGTT	novel-star	0	0	0	0	0	0	0	0	0
AGGCCGTAGACCGTTGGACTCGTG	novel-star	0	0	0	0	0	0	0	0	0
ATGATGAATAACTTAAAGGATTAA	novel-star	0	0	0	0	0	0	0	0	0
ATATGATGAATAACTTAAAGGATT	novel-star	0	0	0	0	0	0	0	0	0
ATGAATAACTTAAAGGATTAAACT	novel-star	0	0	0	0	0	0	0	0	0
AATGCACTGGACCCGTTGAGA	novel-star	0	0	0	0	0	0	0	0	0
TTCAAAGGAGTCGATTTTACTGTT	novel-star	0	0	0	0	0	0	0	0	0
AAGGAGGTCCTCGGCGTGGATTGG	novel-star	0	0	0	0	0	0	0	0	0
AACTGATTGGTGTTTTAGTCTGAT	novel-star	0	0	0	0	0	0	0	0	0
ATCTGGTCCGAGGACTATAGGCAT	novel-star	0	0	0	0	0	0	0	0	0
AATTCTGACTGACTCGATCGAT	novel-star	0	0	0	0	0	0	0	0	0
AAATATTATTTTGGTCTCTAAACT	novel-star	0	0	0	0	0	0	0	0	0
ACCTGTCACTTAGAATTTGTTGTA	novel-star	0	0	0	0	0	0	0	0	0
AAAAGTTCTATTTTCGTCCCTAAA	novel-star	0	0	0	0	0	0	0	0	0
CGAGATACTCGCGAGATACAGCTG	novel-star	0	0	0	0	0	0	0	0	0
ATTCAAATTAGAACTAATAACAACT	novel-star	0	0	0	0	0	0	0	0	0
CTGGAGCGGGCCACATGAGTTTG	novel-star	0	0	0	0	0	0	0	0	0
AAAGGGGATCTGCAGATACAACTC	novel-star	0	0	0	0	0	0	0	0	0
ATAACTCTGTTTCCATCACTCAAT	novel-star	0	0	0	0	0	0	0	0	0
AAGGTTAGCTGTCCAAATTTTATT	novel-star	0	0	0	0	0	0	0	0	0
TCCTGCTCCACTCTATACTCCACC	novel-star	0	0	0	0	0	0	0	0	0
GTTTCAGAATTTGGATTTTACCCC	novel-star	0	0	0	0	0	0	0	0	0
GGCCATCCTTCTGTGACATG	novel-star	0	0	0	0	0	0	0	0	0
ATCGAAAATCGTATCTGCAGAATT	novel-star	0	0	0	0	0	0	0	0	0
TCCTGTCGCAGGAGAGGTGGC	novel-star	0	0	0	0	0	0	0	0	0
CAAATCTTCTGTCCCACTTTTCCT	novel-star	0	0	0	0	0	0	0	0	0
AAGTTTAGGGACGAAAAACGAACT	novel-star	0	0	0	0	0	0	0	0	0
ACTTTTCCTGCTCCACTCTATACT	novel-star	0	0	0	0	0	0	0	0	0
CACTTTTCCTGCTCCACTCTATACT	novel-star	0	0	0	0	0	0	0	0	0
CTTTTCCTGCTCCACTCTATACT	novel-star	0	0	0	0	0	0	0	0	0
TTTTCCTGCTCCACTCTATACTCC	novel-star	0	0	0	0	0	0	0	0	0
TAGGCGACTAAACCCTAGACTACT	novel-star	0	0	0	0	0	0	0	0	0
ACTCCGCAAAGTTGTATCTGAACT	novel-star	0	0	0	0	0	0	0	0	0
GGCCAATGGATGATCAACAGAAGG	novel-star	0	0	0	0	0	0	0	0	0
AGGCCAATGGATGATCAACAGAAG	novel-star	0	0	0	0	0	0	0	0	0
CGAGTCCAAATCTTCTGTCCCACT	novel-star	0	0	0	0	0	0	0	0	0
TGGATCCCGCCTTGCATCAAC	novel-star	0	0	0	0	0	0	0	0	0
AAATCTACTCTACTCTACTCCCTC	novel-star	0	0	0	0	0	0	0	0	0
CTCGGTCCATTTTCAAAGTGAAC	novel-star	0	0	0	0	0	0	0	0	0
ATTGTAGGGTCTGTTTTTGTAGCC	novel-star	0	0	0	0	0	0	0	0	0
TCCTCGGATGGCCTTGCATTCACC	novel-star	0	0	0	0	0	0	0	0	0
CTGTCTACGAGATTCTTCTTGC	novel-star	0	0	0	0	0	0	0	0	0
TAGGGACGAAAATGATATTTTACC	novel-star	0	0	0	0	0	0	0	0	0
ACTGATTGGTGTCTTGGTCTGATG	novel-star	0	0	0	0	0	0	0	0	0
AACTGATTGGTGTCTTGGTCTGAT	novel-star	0	0	0	0	0	0	0	0	0
AAACTGATTGGTGTCTTGGTCTGA	novel-star	0	0	0	0	0	0	0	0	0
ATTGGTCCGAGGATGTCTTGCTCC	novel-star	0	0	0	0	0	0	0	0	0
